Workbook

Sheet Member Evaluation
A1: OR - Committee Members Evaluation
A2: Evaluee | B2: Field Visits Entered | C2: FIELD VISITS (30 pts) | R2: Field Visits Total /30 | S2: Meetings Entered | T2: MEETINGS (30 pts) | AI2: Meetings Total /30 | AJ2: Tasks Entered | AK2: TASKS (20 pts) | CS2: Tasks Score | CW2: Interaction /10 | CX2: Respect Hierarchy /10 | CY2: Bonus /10 | CZ2: TOTAL /110 | DA2: % | DB2: Grade
A3: Gov Name
A4: Name | C4: 1 | D4: 2 | E4: 3 | F4: 4 | G4: 5 | H4: 6 | I4: 7 | J4: 8 | K4: 9 | L4: 10 | M4: 11 | N4: 12 | O4: 13 | P4: 14 | Q4: 15 | T4: 1 | U4: 2 | V4: 3 | W4: 4 | X4: 5 | Y4: 6 | Z4: 7 | AA4: 8 | AB4: 9 | AC4: 10 | AD4: 11 | AE4: 12 | AF4: 13 | AG4: 14 | AH4: 15 | AK4: T | AL4: Q | AM4: D | AN4: T | AO4: Q | AP4: D | AQ4: T | AR4: Q | AS4: D | AT4: T | AU4: Q | AV4: D | AW4: T | AX4: Q | AY4: D | AZ4: T | BA4: Q | BB4: D | BC4: T | BD4: Q | BE4: D | BF4: T | BG4: Q | BH4: D | BI4: T | BJ4: Q | BK4: D | BL4: T | BM4: Q | BN4: D | BO4: T | BP4: Q | BQ4: D | BR4: T | BS4: Q | BT4: D | BU4: T | BV4: Q | BW4: D | BX4: T | BY4: Q | BZ4: D | CA4: T | CB4: Q | CC4: D | CD4: T | CE4: Q | CF4: D | CG4: T | CH4: Q | CI4: D | CJ4: T | CK4: Q | CL4: D | CM4: T | CN4: Q | CO4: D | CP4: T | CQ4: Q | CR4: D | CS4: Submission | CT4: Quality | CU4: Deadline | CV4: Tasks Total
B5: =IF(COUNTA(C3,D3,E3,F3,G3,H3,I3,J3,K3,L3,M3,N3,O3,P3,Q3)=0,"",COUNTA(C3,D3,E3,F3,G3,H3,I3,J3,K3,L3,M3,N3,O3,P3,Q3)) | R5: =IFERROR(SUM(C5,D5,E5,F5,G5,H5,I5,J5,K5,L5,M5,N5,O5,P5,Q5)/B5*30,0) -> 0 | S5: =IF(COUNTA(T3,U3,V3,W3,X3,Y3,Z3,AA3,AB3,AC3,AD3,AE3,AF3,AG3,AH3)=0,"",COUNTA(T3,U3,V3,W3,X3,Y3,Z3,AA3,AB3,AC3,AD3,AE3,AF3,AG3,AH3)) | AI5: =IFERROR(SUM(T5,U5,V5,W5,X5,Y5,Z5,AA5,AB5,AC5,AD5,AE5,AF5,AG5,AH5)/S5*30,0) -> 0 | AJ5: =IF(COUNTA(AK3,AN3,AQ3,AT3,AW3,AZ3,BC3,BF3,BI3,BL3,BO3,BR3,BU3,BX3,CA3,CD3,CG3,CJ3,CM3,CP3)=0,"",COUNTA(AK3,AN3,AQ3,AT3,AW3,AZ3,BC3,BF3,BI3,BL3,BO3,BR3,BU3,BX3,CA3,CD3,CG3,CJ3,CM3,CP3)) | CS5: =IFERROR(SUM(AK5,AN5,AQ5,AT5,AW5,AZ5,BC5,BF5,BI5,BL5,BO5,BR5,BU5,BX5,CA5,CD5,CG5,CJ5,CM5,CP5)/AJ5*10,0) -> 0 | CT5: =IFERROR(SUM(AL5,AO5,AR5,AU5,AX5,BA5,BD5,BG5,BJ5,BM5,BP5,BS5,BV5,BY5,CB5,CE5,CH5,CK5,CN5,CQ5)/AJ5/5*5,0) -> 0 | CU5: =IFERROR(SUM(AM5,AP5,AS5,AV5,AY5,BB5,BE5,BH5,BK5,BN5,BQ5,BT5,BW5,BZ5,CC5,CF5,CI5,CL5,CO5,CR5)/AJ5*5,0) -> 0 | CV5: =ROUND(SUM(CS5,CT5,CU5),2) -> 0 | CZ5: =ROUND(SUM(R5,AI5,CV5,CW5,CX5,CY5),2) -> 0 | DA5: =ROUND(CZ5/110*100,1) -> 0 | DB5: =IF(CZ5>=90,"A",IF(CZ5>=80,"B",IF(CZ5>=70,"C",IF(CZ5>=60,"D",IF(CZ5>0,"F"," "))))) | DE5: =IF(A5="","",DA5-ROW()/100000000)
B6: =IF(COUNTA(C3,D3,E3,F3,G3,H3,I3,J3,K3,L3,M3,N3,O3,P3,Q3)=0,"",COUNTA(C3,D3,E3,F3,G3,H3,I3,J3,K3,L3,M3,N3,O3,P3,Q3)) | R6: =IFERROR(SUM(C6,D6,E6,F6,G6,H6,I6,J6,K6,L6,M6,N6,O6,P6,Q6)/B6*30,0) -> 0 | S6: =IF(COUNTA(T3,U3,V3,W3,X3,Y3,Z3,AA3,AB3,AC3,AD3,AE3,AF3,AG3,AH3)=0,"",COUNTA(T3,U3,V3,W3,X3,Y3,Z3,AA3,AB3,AC3,AD3,AE3,AF3,AG3,AH3)) | AI6: =IFERROR(SUM(T6,U6,V6,W6,X6,Y6,Z6,AA6,AB6,AC6,AD6,AE6,AF6,AG6,AH6)/S6*30,0) -> 0 | AJ6: =IF(COUNTA(AK3,AN3,AQ3,AT3,AW3,AZ3,BC3,BF3,BI3,BL3,BO3,BR3,BU3,BX3,CA3,CD3,CG3,CJ3,CM3,CP3)=0,"",COUNTA(AK3,AN3,AQ3,AT3,AW3,AZ3,BC3,BF3,BI3,BL3,BO3,BR3,BU3,BX3,CA3,CD3,CG3,CJ3,CM3,CP3)) | CS6: =IFERROR(SUM(AK6,AN6,AQ6,AT6,AW6,AZ6,BC6,BF6,BI6,BL6,BO6,BR6,BU6,BX6,CA6,CD6,CG6,CJ6,CM6,CP6)/AJ6*10,0) -> 0 | CT6: =IFERROR(SUM(AL6,AO6,AR6,AU6,AX6,BA6,BD6,BG6,BJ6,BM6,BP6,BS6,BV6,BY6,CB6,CE6,CH6,CK6,CN6,CQ6)/AJ6/5*5,0) -> 0 | CU6: =IFERROR(SUM(AM6,AP6,AS6,AV6,AY6,BB6,BE6,BH6,BK6,BN6,BQ6,BT6,BW6,BZ6,CC6,CF6,CI6,CL6,CO6,CR6)/AJ6*5,0) -> 0 | CV6: =ROUND(SUM(CS6,CT6,CU6),2) -> 0 | CZ6: =ROUND(SUM(R6,AI6,CV6,CW6,CX6,CY6),2) -> 0 | DA6: =ROUND(CZ6/110*100,1) -> 0 | DB6: =IF(CZ6>=90,"A",IF(CZ6>=80,"B",IF(CZ6>=70,"C",IF(CZ6>=60,"D",IF(CZ6>0,"F"," "))))) | DE6: =IF(A6="","",DA6-ROW()/100000000)
B7: =IF(COUNTA(C3,D3,E3,F3,G3,H3,I3,J3,K3,L3,M3,N3,O3,P3,Q3)=0,"",COUNTA(C3,D3,E3,F3,G3,H3,I3,J3,K3,L3,M3,N3,O3,P3,Q3)) | R7: =IFERROR(SUM(C7,D7,E7,F7,G7,H7,I7,J7,K7,L7,M7,N7,O7,P7,Q7)/B7*30,0) -> 0 | S7: =IF(COUNTA(T3,U3,V3,W3,X3,Y3,Z3,AA3,AB3,AC3,AD3,AE3,AF3,AG3,AH3)=0,"",COUNTA(T3,U3,V3,W3,X3,Y3,Z3,AA3,AB3,AC3,AD3,AE3,AF3,AG3,AH3)) | AI7: =IFERROR(SUM(T7,U7,V7,W7,X7,Y7,Z7,AA7,AB7,AC7,AD7,AE7,AF7,AG7,AH7)/S7*30,0) -> 0 | AJ7: =IF(COUNTA(AK3,AN3,AQ3,AT3,AW3,AZ3,BC3,BF3,BI3,BL3,BO3,BR3,BU3,BX3,CA3,CD3,CG3,CJ3,CM3,CP3)=0,"",COUNTA(AK3,AN3,AQ3,AT3,AW3,AZ3,BC3,BF3,BI3,BL3,BO3,BR3,BU3,BX3,CA3,CD3,CG3,CJ3,CM3,CP3)) | CS7: =IFERROR(SUM(AK7,AN7,AQ7,AT7,AW7,AZ7,BC7,BF7,BI7,BL7,BO7,BR7,BU7,BX7,CA7,CD7,CG7,CJ7,CM7,CP7)/AJ7*10,0) -> 0 | CT7: =IFERROR(SUM(AL7,AO7,AR7,AU7,AX7,BA7,BD7,BG7,BJ7,BM7,BP7,BS7,BV7,BY7,CB7,CE7,CH7,CK7,CN7,CQ7)/AJ7/5*5,0) -> 0 | CU7: =IFERROR(SUM(AM7,AP7,AS7,AV7,AY7,BB7,BE7,BH7,BK7,BN7,BQ7,BT7,BW7,BZ7,CC7,CF7,CI7,CL7,CO7,CR7)/AJ7*5,0) -> 0 | CV7: =ROUND(SUM(CS7,CT7,CU7),2) -> 0 | CZ7: =ROUND(SUM(R7,AI7,CV7,CW7,CX7,CY7),2) -> 0 | DA7: =ROUND(CZ7/110*100,1) -> 0 | DB7: =IF(CZ7>=90,"A",IF(CZ7>=80,"B",IF(CZ7>=70,"C",IF(CZ7>=60,"D",IF(CZ7>0,"F"," "))))) | DE7: =IF(A7="","",DA7-ROW()/100000000)
B8: =IF(COUNTA(C3,D3,E3,F3,G3,H3,I3,J3,K3,L3,M3,N3,O3,P3,Q3)=0,"",COUNTA(C3,D3,E3,F3,G3,H3,I3,J3,K3,L3,M3,N3,O3,P3,Q3)) | R8: =IFERROR(SUM(C8,D8,E8,F8,G8,H8,I8,J8,K8,L8,M8,N8,O8,P8,Q8)/B8*30,0) -> 0 | S8: =IF(COUNTA(T3,U3,V3,W3,X3,Y3,Z3,AA3,AB3,AC3,AD3,AE3,AF3,AG3,AH3)=0,"",COUNTA(T3,U3,V3,W3,X3,Y3,Z3,AA3,AB3,AC3,AD3,AE3,AF3,AG3,AH3)) | AI8: =IFERROR(SUM(T8,U8,V8,W8,X8,Y8,Z8,AA8,AB8,AC8,AD8,AE8,AF8,AG8,AH8)/S8*30,0) -> 0 | AJ8: =IF(COUNTA(AK3,AN3,AQ3,AT3,AW3,AZ3,BC3,BF3,BI3,BL3,BO3,BR3,BU3,BX3,CA3,CD3,CG3,CJ3,CM3,CP3)=0,"",COUNTA(AK3,AN3,AQ3,AT3,AW3,AZ3,BC3,BF3,BI3,BL3,BO3,BR3,BU3,BX3,CA3,CD3,CG3,CJ3,CM3,CP3)) | CS8: =IFERROR(SUM(AK8,AN8,AQ8,AT8,AW8,AZ8,BC8,BF8,BI8,BL8,BO8,BR8,BU8,BX8,CA8,CD8,CG8,CJ8,CM8,CP8)/AJ8*10,0) -> 0 | CT8: =IFERROR(SUM(AL8,AO8,AR8,AU8,AX8,BA8,BD8,BG8,BJ8,BM8,BP8,BS8,BV8,BY8,CB8,CE8,CH8,CK8,CN8,CQ8)/AJ8/5*5,0) -> 0 | CU8: =IFERROR(SUM(AM8,AP8,AS8,AV8,AY8,BB8,BE8,BH8,BK8,BN8,BQ8,BT8,BW8,BZ8,CC8,CF8,CI8,CL8,CO8,CR8)/AJ8*5,0) -> 0 | CV8: =ROUND(SUM(CS8,CT8,CU8),2) -> 0 | CZ8: =ROUND(SUM(R8,AI8,CV8,CW8,CX8,CY8),2) -> 0 | DA8: =ROUND(CZ8/110*100,1) -> 0 | DB8: =IF(CZ8>=90,"A",IF(CZ8>=80,"B",IF(CZ8>=70,"C",IF(CZ8>=60,"D",IF(CZ8>0,"F"," "))))) | DE8: =IF(A8="","",DA8-ROW()/100000000)
B9: =IF(COUNTA(C3,D3,E3,F3,G3,H3,I3,J3,K3,L3,M3,N3,O3,P3,Q3)=0,"",COUNTA(C3,D3,E3,F3,G3,H3,I3,J3,K3,L3,M3,N3,O3,P3,Q3)) | R9: =IFERROR(SUM(C9,D9,E9,F9,G9,H9,I9,J9,K9,L9,M9,N9,O9,P9,Q9)/B9*30,0) -> 0 | S9: =IF(COUNTA(T3,U3,V3,W3,X3,Y3,Z3,AA3,AB3,AC3,AD3,AE3,AF3,AG3,AH3)=0,"",COUNTA(T3,U3,V3,W3,X3,Y3,Z3,AA3,AB3,AC3,AD3,AE3,AF3,AG3,AH3)) | AI9: =IFERROR(SUM(T9,U9,V9,W9,X9,Y9,Z9,AA9,AB9,AC9,AD9,AE9,AF9,AG9,AH9)/S9*30,0) -> 0 | AJ9: =IF(COUNTA(AK3,AN3,AQ3,AT3,AW3,AZ3,BC3,BF3,BI3,BL3,BO3,BR3,BU3,BX3,CA3,CD3,CG3,CJ3,CM3,CP3)=0,"",COUNTA(AK3,AN3,AQ3,AT3,AW3,AZ3,BC3,BF3,BI3,BL3,BO3,BR3,BU3,BX3,CA3,CD3,CG3,CJ3,CM3,CP3)) | CS9: =IFERROR(SUM(AK9,AN9,AQ9,AT9,AW9,AZ9,BC9,BF9,BI9,BL9,BO9,BR9,BU9,BX9,CA9,CD9,CG9,CJ9,CM9,CP9)/AJ9*10,0) -> 0 | CT9: =IFERROR(SUM(AL9,AO9,AR9,AU9,AX9,BA9,BD9,BG9,BJ9,BM9,BP9,BS9,BV9,BY9,CB9,CE9,CH9,CK9,CN9,CQ9)/AJ9/5*5,0) -> 0 | CU9: =IFERROR(SUM(AM9,AP9,AS9,AV9,AY9,BB9,BE9,BH9,BK9,BN9,BQ9,BT9,BW9,BZ9,CC9,CF9,CI9,CL9,CO9,CR9)/AJ9*5,0) -> 0 | CV9: =ROUND(SUM(CS9,CT9,CU9),2) -> 0 | CZ9: =ROUND(SUM(R9,AI9,CV9,CW9,CX9,CY9),2) -> 0 | DA9: =ROUND(CZ9/110*100,1) -> 0 | DB9: =IF(CZ9>=90,"A",IF(CZ9>=80,"B",IF(CZ9>=70,"C",IF(CZ9>=60,"D",IF(CZ9>0,"F"," "))))) | DE9: =IF(A9="","",DA9-ROW()/100000000)
B10: =IF(COUNTA(C3,D3,E3,F3,G3,H3,I3,J3,K3,L3,M3,N3,O3,P3,Q3)=0,"",COUNTA(C3,D3,E3,F3,G3,H3,I3,J3,K3,L3,M3,N3,O3,P3,Q3)) | R10: =IFERROR(SUM(C10,D10,E10,F10,G10,H10,I10,J10,K10,L10,M10,N10,O10,P10,Q10)/B10*30,0) -> 0 | S10: =IF(COUNTA(T3,U3,V3,W3,X3,Y3,Z3,AA3,AB3,AC3,AD3,AE3,AF3,AG3,AH3)=0,"",COUNTA(T3,U3,V3,W3,X3,Y3,Z3,AA3,AB3,AC3,AD3,AE3,AF3,AG3,AH3)) | AI10: =IFERROR(SUM(T10,U10,V10,W10,X10,Y10,Z10,AA10,AB10,AC10,AD10,AE10,AF10,AG10,AH10)/S10*30,0) -> 0 | AJ10: =IF(COUNTA(AK3,AN3,AQ3,AT3,AW3,AZ3,BC3,BF3,BI3,BL3,BO3,BR3,BU3,BX3,CA3,CD3,CG3,CJ3,CM3,CP3)=0,"",COUNTA(AK3,AN3,AQ3,AT3,AW3,AZ3,BC3,BF3,BI3,BL3,BO3,BR3,BU3,BX3,CA3,CD3,CG3,CJ3,CM3,CP3)) | CS10: =IFERROR(SUM(AK10,AN10,AQ10,AT10,AW10,AZ10,BC10,BF10,BI10,BL10,BO10,BR10,BU10,BX10,CA10,CD10,CG10,CJ10,CM10,CP10)/AJ10*10,0) -> 0 | CT10: =IFERROR(SUM(AL10,AO10,AR10,AU10,AX10,BA10,BD10,BG10,BJ10,BM10,BP10,BS10,BV10,BY10,CB10,CE10,CH10,CK10,CN10,CQ10)/AJ10/5*5,0) -> 0 | CU10: =IFERROR(SUM(AM10,AP10,AS10,AV10,AY10,BB10,BE10,BH10,BK10,BN10,BQ10,BT10,BW10,BZ10,CC10,CF10,CI10,CL10,CO10,CR10)/AJ10*5,0) -> 0 | CV10: =ROUND(SUM(CS10,CT10,CU10),2) -> 0 | CZ10: =ROUND(SUM(R10,AI10,CV10,CW10,CX10,CY10),2) -> 0 | DA10: =ROUND(CZ10/110*100,1) -> 0 | DB10: =IF(CZ10>=90,"A",IF(CZ10>=80,"B",IF(CZ10>=70,"C",IF(CZ10>=60,"D",IF(CZ10>0,"F"," "))))) | DE10: =IF(A10="","",DA10-ROW()/100000000)
B11: =IF(COUNTA(C3,D3,E3,F3,G3,H3,I3,J3,K3,L3,M3,N3,O3,P3,Q3)=0,"",COUNTA(C3,D3,E3,F3,G3,H3,I3,J3,K3,L3,M3,N3,O3,P3,Q3)) | R11: =IFERROR(SUM(C11,D11,E11,F11,G11,H11,I11,J11,K11,L11,M11,N11,O11,P11,Q11)/B11*30,0) -> 0 | S11: =IF(COUNTA(T3,U3,V3,W3,X3,Y3,Z3,AA3,AB3,AC3,AD3,AE3,AF3,AG3,AH3)=0,"",COUNTA(T3,U3,V3,W3,X3,Y3,Z3,AA3,AB3,AC3,AD3,AE3,AF3,AG3,AH3)) | AI11: =IFERROR(SUM(T11,U11,V11,W11,X11,Y11,Z11,AA11,AB11,AC11,AD11,AE11,AF11,AG11,AH11)/S11*30,0) -> 0 | AJ11: =IF(COUNTA(AK3,AN3,AQ3,AT3,AW3,AZ3,BC3,BF3,BI3,BL3,BO3,BR3,BU3,BX3,CA3,CD3,CG3,CJ3,CM3,CP3)=0,"",COUNTA(AK3,AN3,AQ3,AT3,AW3,AZ3,BC3,BF3,BI3,BL3,BO3,BR3,BU3,BX3,CA3,CD3,CG3,CJ3,CM3,CP3)) | CS11: =IFERROR(SUM(AK11,AN11,AQ11,AT11,AW11,AZ11,BC11,BF11,BI11,BL11,BO11,BR11,BU11,BX11,CA11,CD11,CG11,CJ11,CM11,CP11)/AJ11*10,0) -> 0 | CT11: =IFERROR(SUM(AL11,AO11,AR11,AU11,AX11,BA11,BD11,BG11,BJ11,BM11,BP11,BS11,BV11,BY11,CB11,CE11,CH11,CK11,CN11,CQ11)/AJ11/5*5,0) -> 0 | CU11: =IFERROR(SUM(AM11,AP11,AS11,AV11,AY11,BB11,BE11,BH11,BK11,BN11,BQ11,BT11,BW11,BZ11,CC11,CF11,CI11,CL11,CO11,CR11)/AJ11*5,0) -> 0 | CV11: =ROUND(SUM(CS11,CT11,CU11),2) -> 0 | CZ11: =ROUND(SUM(R11,AI11,CV11,CW11,CX11,CY11),2) -> 0 | DA11: =ROUND(CZ11/110*100,1) -> 0 | DB11: =IF(CZ11>=90,"A",IF(CZ11>=80,"B",IF(CZ11>=70,"C",IF(CZ11>=60,"D",IF(CZ11>0,"F"," "))))) | DE11: =IF(A11="","",DA11-ROW()/100000000)
B12: =IF(COUNTA(C3,D3,E3,F3,G3,H3,I3,J3,K3,L3,M3,N3,O3,P3,Q3)=0,"",COUNTA(C3,D3,E3,F3,G3,H3,I3,J3,K3,L3,M3,N3,O3,P3,Q3)) | R12: =IFERROR(SUM(C12,D12,E12,F12,G12,H12,I12,J12,K12,L12,M12,N12,O12,P12,Q12)/B12*30,0) -> 0 | S12: =IF(COUNTA(T3,U3,V3,W3,X3,Y3,Z3,AA3,AB3,AC3,AD3,AE3,AF3,AG3,AH3)=0,"",COUNTA(T3,U3,V3,W3,X3,Y3,Z3,AA3,AB3,AC3,AD3,AE3,AF3,AG3,AH3)) | AI12: =IFERROR(SUM(T12,U12,V12,W12,X12,Y12,Z12,AA12,AB12,AC12,AD12,AE12,AF12,AG12,AH12)/S12*30,0) -> 0 | AJ12: =IF(COUNTA(AK3,AN3,AQ3,AT3,AW3,AZ3,BC3,BF3,BI3,BL3,BO3,BR3,BU3,BX3,CA3,CD3,CG3,CJ3,CM3,CP3)=0,"",COUNTA(AK3,AN3,AQ3,AT3,AW3,AZ3,BC3,BF3,BI3,BL3,BO3,BR3,BU3,BX3,CA3,CD3,CG3,CJ3,CM3,CP3)) | CS12: =IFERROR(SUM(AK12,AN12,AQ12,AT12,AW12,AZ12,BC12,BF12,BI12,BL12,BO12,BR12,BU12,BX12,CA12,CD12,CG12,CJ12,CM12,CP12)/AJ12*10,0) -> 0 | CT12: =IFERROR(SUM(AL12,AO12,AR12,AU12,AX12,BA12,BD12,BG12,BJ12,BM12,BP12,BS12,BV12,BY12,CB12,CE12,CH12,CK12,CN12,CQ12)/AJ12/5*5,0) -> 0 | CU12: =IFERROR(SUM(AM12,AP12,AS12,AV12,AY12,BB12,BE12,BH12,BK12,BN12,BQ12,BT12,BW12,BZ12,CC12,CF12,CI12,CL12,CO12,CR12)/AJ12*5,0) -> 0 | CV12: =ROUND(SUM(CS12,CT12,CU12),2) -> 0 | CZ12: =ROUND(SUM(R12,AI12,CV12,CW12,CX12,CY12),2) -> 0 | DA12: =ROUND(CZ12/110*100,1) -> 0 | DB12: =IF(CZ12>=90,"A",IF(CZ12>=80,"B",IF(CZ12>=70,"C",IF(CZ12>=60,"D",IF(CZ12>0,"F"," "))))) | DE12: =IF(A12="","",DA12-ROW()/100000000)
B13: =IF(COUNTA(C3,D3,E3,F3,G3,H3,I3,J3,K3,L3,M3,N3,O3,P3,Q3)=0,"",COUNTA(C3,D3,E3,F3,G3,H3,I3,J3,K3,L3,M3,N3,O3,P3,Q3)) | R13: =IFERROR(SUM(C13,D13,E13,F13,G13,H13,I13,J13,K13,L13,M13,N13,O13,P13,Q13)/B13*30,0) -> 0 | S13: =IF(COUNTA(T3,U3,V3,W3,X3,Y3,Z3,AA3,AB3,AC3,AD3,AE3,AF3,AG3,AH3)=0,"",COUNTA(T3,U3,V3,W3,X3,Y3,Z3,AA3,AB3,AC3,AD3,AE3,AF3,AG3,AH3)) | AI13: =IFERROR(SUM(T13,U13,V13,W13,X13,Y13,Z13,AA13,AB13,AC13,AD13,AE13,AF13,AG13,AH13)/S13*30,0) -> 0 | AJ13: =IF(COUNTA(AK3,AN3,AQ3,AT3,AW3,AZ3,BC3,BF3,BI3,BL3,BO3,BR3,BU3,BX3,CA3,CD3,CG3,CJ3,CM3,CP3)=0,"",COUNTA(AK3,AN3,AQ3,AT3,AW3,AZ3,BC3,BF3,BI3,BL3,BO3,BR3,BU3,BX3,CA3,CD3,CG3,CJ3,CM3,CP3)) | CS13: =IFERROR(SUM(AK13,AN13,AQ13,AT13,AW13,AZ13,BC13,BF13,BI13,BL13,BO13,BR13,BU13,BX13,CA13,CD13,CG13,CJ13,CM13,CP13)/AJ13*10,0) -> 0 | CT13: =IFERROR(SUM(AL13,AO13,AR13,AU13,AX13,BA13,BD13,BG13,BJ13,BM13,BP13,BS13,BV13,BY13,CB13,CE13,CH13,CK13,CN13,CQ13)/AJ13/5*5,0) -> 0 | CU13: =IFERROR(SUM(AM13,AP13,AS13,AV13,AY13,BB13,BE13,BH13,BK13,BN13,BQ13,BT13,BW13,BZ13,CC13,CF13,CI13,CL13,CO13,CR13)/AJ13*5,0) -> 0 | CV13: =ROUND(SUM(CS13,CT13,CU13),2) -> 0 | CZ13: =ROUND(SUM(R13,AI13,CV13,CW13,CX13,CY13),2) -> 0 | DA13: =ROUND(CZ13/110*100,1) -> 0 | DB13: =IF(CZ13>=90,"A",IF(CZ13>=80,"B",IF(CZ13>=70,"C",IF(CZ13>=60,"D",IF(CZ13>0,"F"," "))))) | DE13: =IF(A13="","",DA13-ROW()/100000000)
B14: =IF(COUNTA(C3,D3,E3,F3,G3,H3,I3,J3,K3,L3,M3,N3,O3,P3,Q3)=0,"",COUNTA(C3,D3,E3,F3,G3,H3,I3,J3,K3,L3,M3,N3,O3,P3,Q3)) | R14: =IFERROR(SUM(C14,D14,E14,F14,G14,H14,I14,J14,K14,L14,M14,N14,O14,P14,Q14)/B14*30,0) -> 0 | S14: =IF(COUNTA(T3,U3,V3,W3,X3,Y3,Z3,AA3,AB3,AC3,AD3,AE3,AF3,AG3,AH3)=0,"",COUNTA(T3,U3,V3,W3,X3,Y3,Z3,AA3,AB3,AC3,AD3,AE3,AF3,AG3,AH3)) | AI14: =IFERROR(SUM(T14,U14,V14,W14,X14,Y14,Z14,AA14,AB14,AC14,AD14,AE14,AF14,AG14,AH14)/S14*30,0) -> 0 | AJ14: =IF(COUNTA(AK3,AN3,AQ3,AT3,AW3,AZ3,BC3,BF3,BI3,BL3,BO3,BR3,BU3,BX3,CA3,CD3,CG3,CJ3,CM3,CP3)=0,"",COUNTA(AK3,AN3,AQ3,AT3,AW3,AZ3,BC3,BF3,BI3,BL3,BO3,BR3,BU3,BX3,CA3,CD3,CG3,CJ3,CM3,CP3)) | CS14: =IFERROR(SUM(AK14,AN14,AQ14,AT14,AW14,AZ14,BC14,BF14,BI14,BL14,BO14,BR14,BU14,BX14,CA14,CD14,CG14,CJ14,CM14,CP14)/AJ14*10,0) -> 0 | CT14: =IFERROR(SUM(AL14,AO14,AR14,AU14,AX14,BA14,BD14,BG14,BJ14,BM14,BP14,BS14,BV14,BY14,CB14,CE14,CH14,CK14,CN14,CQ14)/AJ14/5*5,0) -> 0 | CU14: =IFERROR(SUM(AM14,AP14,AS14,AV14,AY14,BB14,BE14,BH14,BK14,BN14,BQ14,BT14,BW14,BZ14,CC14,CF14,CI14,CL14,CO14,CR14)/AJ14*5,0) -> 0 | CV14: =ROUND(SUM(CS14,CT14,CU14),2) -> 0 | CZ14: =ROUND(SUM(R14,AI14,CV14,CW14,CX14,CY14),2) -> 0 | DA14: =ROUND(CZ14/110*100,1) -> 0 | DB14: =IF(CZ14>=90,"A",IF(CZ14>=80,"B",IF(CZ14>=70,"C",IF(CZ14>=60,"D",IF(CZ14>0,"F"," "))))) | DE14: =IF(A14="","",DA14-ROW()/100000000)
B15: =IF(COUNTA(C3,D3,E3,F3,G3,H3,I3,J3,K3,L3,M3,N3,O3,P3,Q3)=0,"",COUNTA(C3,D3,E3,F3,G3,H3,I3,J3,K3,L3,M3,N3,O3,P3,Q3)) | R15: =IFERROR(SUM(C15,D15,E15,F15,G15,H15,I15,J15,K15,L15,M15,N15,O15,P15,Q15)/B15*30,0) -> 0 | S15: =IF(COUNTA(T3,U3,V3,W3,X3,Y3,Z3,AA3,AB3,AC3,AD3,AE3,AF3,AG3,AH3)=0,"",COUNTA(T3,U3,V3,W3,X3,Y3,Z3,AA3,AB3,AC3,AD3,AE3,AF3,AG3,AH3)) | AI15: =IFERROR(SUM(T15,U15,V15,W15,X15,Y15,Z15,AA15,AB15,AC15,AD15,AE15,AF15,AG15,AH15)/S15*30,0) -> 0 | AJ15: =IF(COUNTA(AK3,AN3,AQ3,AT3,AW3,AZ3,BC3,BF3,BI3,BL3,BO3,BR3,BU3,BX3,CA3,CD3,CG3,CJ3,CM3,CP3)=0,"",COUNTA(AK3,AN3,AQ3,AT3,AW3,AZ3,BC3,BF3,BI3,BL3,BO3,BR3,BU3,BX3,CA3,CD3,CG3,CJ3,CM3,CP3)) | CS15: =IFERROR(SUM(AK15,AN15,AQ15,AT15,AW15,AZ15,BC15,BF15,BI15,BL15,BO15,BR15,BU15,BX15,CA15,CD15,CG15,CJ15,CM15,CP15)/AJ15*10,0) -> 0 | CT15: =IFERROR(SUM(AL15,AO15,AR15,AU15,AX15,BA15,BD15,BG15,BJ15,BM15,BP15,BS15,BV15,BY15,CB15,CE15,CH15,CK15,CN15,CQ15)/AJ15/5*5,0) -> 0 | CU15: =IFERROR(SUM(AM15,AP15,AS15,AV15,AY15,BB15,BE15,BH15,BK15,BN15,BQ15,BT15,BW15,BZ15,CC15,CF15,CI15,CL15,CO15,CR15)/AJ15*5,0) -> 0 | CV15: =ROUND(SUM(CS15,CT15,CU15),2) -> 0 | CZ15: =ROUND(SUM(R15,AI15,CV15,CW15,CX15,CY15),2) -> 0 | DA15: =ROUND(CZ15/110*100,1) -> 0 | DB15: =IF(CZ15>=90,"A",IF(CZ15>=80,"B",IF(CZ15>=70,"C",IF(CZ15>=60,"D",IF(CZ15>0,"F"," "))))) | DE15: =IF(A15="","",DA15-ROW()/100000000)
B16: =IF(COUNTA(C3,D3,E3,F3,G3,H3,I3,J3,K3,L3,M3,N3,O3,P3,Q3)=0,"",COUNTA(C3,D3,E3,F3,G3,H3,I3,J3,K3,L3,M3,N3,O3,P3,Q3)) | R16: =IFERROR(SUM(C16,D16,E16,F16,G16,H16,I16,J16,K16,L16,M16,N16,O16,P16,Q16)/B16*30,0) -> 0 | S16: =IF(COUNTA(T3,U3,V3,W3,X3,Y3,Z3,AA3,AB3,AC3,AD3,AE3,AF3,AG3,AH3)=0,"",COUNTA(T3,U3,V3,W3,X3,Y3,Z3,AA3,AB3,AC3,AD3,AE3,AF3,AG3,AH3)) | AI16: =IFERROR(SUM(T16,U16,V16,W16,X16,Y16,Z16,AA16,AB16,AC16,AD16,AE16,AF16,AG16,AH16)/S16*30,0) -> 0 | AJ16: =IF(COUNTA(AK3,AN3,AQ3,AT3,AW3,AZ3,BC3,BF3,BI3,BL3,BO3,BR3,BU3,BX3,CA3,CD3,CG3,CJ3,CM3,CP3)=0,"",COUNTA(AK3,AN3,AQ3,AT3,AW3,AZ3,BC3,BF3,BI3,BL3,BO3,BR3,BU3,BX3,CA3,CD3,CG3,CJ3,CM3,CP3)) | CS16: =IFERROR(SUM(AK16,AN16,AQ16,AT16,AW16,AZ16,BC16,BF16,BI16,BL16,BO16,BR16,BU16,BX16,CA16,CD16,CG16,CJ16,CM16,CP16)/AJ16*10,0) -> 0 | CT16: =IFERROR(SUM(AL16,AO16,AR16,AU16,AX16,BA16,BD16,BG16,BJ16,BM16,BP16,BS16,BV16,BY16,CB16,CE16,CH16,CK16,CN16,CQ16)/AJ16/5*5,0) -> 0 | CU16: =IFERROR(SUM(AM16,AP16,AS16,AV16,AY16,BB16,BE16,BH16,BK16,BN16,BQ16,BT16,BW16,BZ16,CC16,CF16,CI16,CL16,CO16,CR16)/AJ16*5,0) -> 0 | CV16: =ROUND(SUM(CS16,CT16,CU16),2) -> 0 | CZ16: =ROUND(SUM(R16,AI16,CV16,CW16,CX16,CY16),2) -> 0 | DA16: =ROUND(CZ16/110*100,1) -> 0 | DB16: =IF(CZ16>=90,"A",IF(CZ16>=80,"B",IF(CZ16>=70,"C",IF(CZ16>=60,"D",IF(CZ16>0,"F"," "))))) | DE16: =IF(A16="","",DA16-ROW()/100000000)
B17: =IF(COUNTA(C3,D3,E3,F3,G3,H3,I3,J3,K3,L3,M3,N3,O3,P3,Q3)=0,"",COUNTA(C3,D3,E3,F3,G3,H3,I3,J3,K3,L3,M3,N3,O3,P3,Q3)) | R17: =IFERROR(SUM(C17,D17,E17,F17,G17,H17,I17,J17,K17,L17,M17,N17,O17,P17,Q17)/B17*30,0) -> 0 | S17: =IF(COUNTA(T3,U3,V3,W3,X3,Y3,Z3,AA3,AB3,AC3,AD3,AE3,AF3,AG3,AH3)=0,"",COUNTA(T3,U3,V3,W3,X3,Y3,Z3,AA3,AB3,AC3,AD3,AE3,AF3,AG3,AH3)) | AI17: =IFERROR(SUM(T17,U17,V17,W17,X17,Y17,Z17,AA17,AB17,AC17,AD17,AE17,AF17,AG17,AH17)/S17*30,0) -> 0 | AJ17: =IF(COUNTA(AK3,AN3,AQ3,AT3,AW3,AZ3,BC3,BF3,BI3,BL3,BO3,BR3,BU3,BX3,CA3,CD3,CG3,CJ3,CM3,CP3)=0,"",COUNTA(AK3,AN3,AQ3,AT3,AW3,AZ3,BC3,BF3,BI3,BL3,BO3,BR3,BU3,BX3,CA3,CD3,CG3,CJ3,CM3,CP3)) | CS17: =IFERROR(SUM(AK17,AN17,AQ17,AT17,AW17,AZ17,BC17,BF17,BI17,BL17,BO17,BR17,BU17,BX17,CA17,CD17,CG17,CJ17,CM17,CP17)/AJ17*10,0) -> 0 | CT17: =IFERROR(SUM(AL17,AO17,AR17,AU17,AX17,BA17,BD17,BG17,BJ17,BM17,BP17,BS17,BV17,BY17,CB17,CE17,CH17,CK17,CN17,CQ17)/AJ17/5*5,0) -> 0 | CU17: =IFERROR(SUM(AM17,AP17,AS17,AV17,AY17,BB17,BE17,BH17,BK17,BN17,BQ17,BT17,BW17,BZ17,CC17,CF17,CI17,CL17,CO17,CR17)/AJ17*5,0) -> 0 | CV17: =ROUND(SUM(CS17,CT17,CU17),2) -> 0 | CZ17: =ROUND(SUM(R17,AI17,CV17,CW17,CX17,CY17),2) -> 0 | DA17: =ROUND(CZ17/110*100,1) -> 0 | DB17: =IF(CZ17>=90,"A",IF(CZ17>=80,"B",IF(CZ17>=70,"C",IF(CZ17>=60,"D",IF(CZ17>0,"F"," "))))) | DE17: =IF(A17="","",DA17-ROW()/100000000)
B18: =IF(COUNTA(C3,D3,E3,F3,G3,H3,I3,J3,K3,L3,M3,N3,O3,P3,Q3)=0,"",COUNTA(C3,D3,E3,F3,G3,H3,I3,J3,K3,L3,M3,N3,O3,P3,Q3)) | R18: =IFERROR(SUM(C18,D18,E18,F18,G18,H18,I18,J18,K18,L18,M18,N18,O18,P18,Q18)/B18*30,0) -> 0 | S18: =IF(COUNTA(T3,U3,V3,W3,X3,Y3,Z3,AA3,AB3,AC3,AD3,AE3,AF3,AG3,AH3)=0,"",COUNTA(T3,U3,V3,W3,X3,Y3,Z3,AA3,AB3,AC3,AD3,AE3,AF3,AG3,AH3)) | AI18: =IFERROR(SUM(T18,U18,V18,W18,X18,Y18,Z18,AA18,AB18,AC18,AD18,AE18,AF18,AG18,AH18)/S18*30,0) -> 0 | AJ18: =IF(COUNTA(AK3,AN3,AQ3,AT3,AW3,AZ3,BC3,BF3,BI3,BL3,BO3,BR3,BU3,BX3,CA3,CD3,CG3,CJ3,CM3,CP3)=0,"",COUNTA(AK3,AN3,AQ3,AT3,AW3,AZ3,BC3,BF3,BI3,BL3,BO3,BR3,BU3,BX3,CA3,CD3,CG3,CJ3,CM3,CP3)) | CS18: =IFERROR(SUM(AK18,AN18,AQ18,AT18,AW18,AZ18,BC18,BF18,BI18,BL18,BO18,BR18,BU18,BX18,CA18,CD18,CG18,CJ18,CM18,CP18)/AJ18*10,0) -> 0 | CT18: =IFERROR(SUM(AL18,AO18,AR18,AU18,AX18,BA18,BD18,BG18,BJ18,BM18,BP18,BS18,BV18,BY18,CB18,CE18,CH18,CK18,CN18,CQ18)/AJ18/5*5,0) -> 0 | CU18: =IFERROR(SUM(AM18,AP18,AS18,AV18,AY18,BB18,BE18,BH18,BK18,BN18,BQ18,BT18,BW18,BZ18,CC18,CF18,CI18,CL18,CO18,CR18)/AJ18*5,0) -> 0 | CV18: =ROUND(SUM(CS18,CT18,CU18),2) -> 0 | CZ18: =ROUND(SUM(R18,AI18,CV18,CW18,CX18,CY18),2) -> 0 | DA18: =ROUND(CZ18/110*100,1) -> 0 | DB18: =IF(CZ18>=90,"A",IF(CZ18>=80,"B",IF(CZ18>=70,"C",IF(CZ18>=60,"D",IF(CZ18>0,"F"," "))))) | DE18: =IF(A18="","",DA18-ROW()/100000000)
B19: =IF(COUNTA(C3,D3,E3,F3,G3,H3,I3,J3,K3,L3,M3,N3,O3,P3,Q3)=0,"",COUNTA(C3,D3,E3,F3,G3,H3,I3,J3,K3,L3,M3,N3,O3,P3,Q3)) | R19: =IFERROR(SUM(C19,D19,E19,F19,G19,H19,I19,J19,K19,L19,M19,N19,O19,P19,Q19)/B19*30,0) -> 0 | S19: =IF(COUNTA(T3,U3,V3,W3,X3,Y3,Z3,AA3,AB3,AC3,AD3,AE3,AF3,AG3,AH3)=0,"",COUNTA(T3,U3,V3,W3,X3,Y3,Z3,AA3,AB3,AC3,AD3,AE3,AF3,AG3,AH3)) | AI19: =IFERROR(SUM(T19,U19,V19,W19,X19,Y19,Z19,AA19,AB19,AC19,AD19,AE19,AF19,AG19,AH19)/S19*30,0) -> 0 | AJ19: =IF(COUNTA(AK3,AN3,AQ3,AT3,AW3,AZ3,BC3,BF3,BI3,BL3,BO3,BR3,BU3,BX3,CA3,CD3,CG3,CJ3,CM3,CP3)=0,"",COUNTA(AK3,AN3,AQ3,AT3,AW3,AZ3,BC3,BF3,BI3,BL3,BO3,BR3,BU3,BX3,CA3,CD3,CG3,CJ3,CM3,CP3)) | CS19: =IFERROR(SUM(AK19,AN19,AQ19,AT19,AW19,AZ19,BC19,BF19,BI19,BL19,BO19,BR19,BU19,BX19,CA19,CD19,CG19,CJ19,CM19,CP19)/AJ19*10,0) -> 0 | CT19: =IFERROR(SUM(AL19,AO19,AR19,AU19,AX19,BA19,BD19,BG19,BJ19,BM19,BP19,BS19,BV19,BY19,CB19,CE19,CH19,CK19,CN19,CQ19)/AJ19/5*5,0) -> 0 | CU19: =IFERROR(SUM(AM19,AP19,AS19,AV19,AY19,BB19,BE19,BH19,BK19,BN19,BQ19,BT19,BW19,BZ19,CC19,CF19,CI19,CL19,CO19,CR19)/AJ19*5,0) -> 0 | CV19: =ROUND(SUM(CS19,CT19,CU19),2) -> 0 | CZ19: =ROUND(SUM(R19,AI19,CV19,CW19,CX19,CY19),2) -> 0 | DA19: =ROUND(CZ19/110*100,1) -> 0 | DB19: =IF(CZ19>=90,"A",IF(CZ19>=80,"B",IF(CZ19>=70,"C",IF(CZ19>=60,"D",IF(CZ19>0,"F"," "))))) | DE19: =IF(A19="","",DA19-ROW()/100000000)
B20: =IF(COUNTA(C3,D3,E3,F3,G3,H3,I3,J3,K3,L3,M3,N3,O3,P3,Q3)=0,"",COUNTA(C3,D3,E3,F3,G3,H3,I3,J3,K3,L3,M3,N3,O3,P3,Q3)) | R20: =IFERROR(SUM(C20,D20,E20,F20,G20,H20,I20,J20,K20,L20,M20,N20,O20,P20,Q20)/B20*30,0) -> 0 | S20: =IF(COUNTA(T3,U3,V3,W3,X3,Y3,Z3,AA3,AB3,AC3,AD3,AE3,AF3,AG3,AH3)=0,"",COUNTA(T3,U3,V3,W3,X3,Y3,Z3,AA3,AB3,AC3,AD3,AE3,AF3,AG3,AH3)) | AI20: =IFERROR(SUM(T20,U20,V20,W20,X20,Y20,Z20,AA20,AB20,AC20,AD20,AE20,AF20,AG20,AH20)/S20*30,0) -> 0 | AJ20: =IF(COUNTA(AK3,AN3,AQ3,AT3,AW3,AZ3,BC3,BF3,BI3,BL3,BO3,BR3,BU3,BX3,CA3,CD3,CG3,CJ3,CM3,CP3)=0,"",COUNTA(AK3,AN3,AQ3,AT3,AW3,AZ3,BC3,BF3,BI3,BL3,BO3,BR3,BU3,BX3,CA3,CD3,CG3,CJ3,CM3,CP3)) | CS20: =IFERROR(SUM(AK20,AN20,AQ20,AT20,AW20,AZ20,BC20,BF20,BI20,BL20,BO20,BR20,BU20,BX20,CA20,CD20,CG20,CJ20,CM20,CP20)/AJ20*10,0) -> 0 | CT20: =IFERROR(SUM(AL20,AO20,AR20,AU20,AX20,BA20,BD20,BG20,BJ20,BM20,BP20,BS20,BV20,BY20,CB20,CE20,CH20,CK20,CN20,CQ20)/AJ20/5*5,0) -> 0 | CU20: =IFERROR(SUM(AM20,AP20,AS20,AV20,AY20,BB20,BE20,BH20,BK20,BN20,BQ20,BT20,BW20,BZ20,CC20,CF20,CI20,CL20,CO20,CR20)/AJ20*5,0) -> 0 | CV20: =ROUND(SUM(CS20,CT20,CU20),2) -> 0 | CZ20: =ROUND(SUM(R20,AI20,CV20,CW20,CX20,CY20),2) -> 0 | DA20: =ROUND(CZ20/110*100,1) -> 0 | DB20: =IF(CZ20>=90,"A",IF(CZ20>=80,"B",IF(CZ20>=70,"C",IF(CZ20>=60,"D",IF(CZ20>0,"F"," "))))) | DE20: =IF(A20="","",DA20-ROW()/100000000)
B21: =IF(COUNTA(C3,D3,E3,F3,G3,H3,I3,J3,K3,L3,M3,N3,O3,P3,Q3)=0,"",COUNTA(C3,D3,E3,F3,G3,H3,I3,J3,K3,L3,M3,N3,O3,P3,Q3)) | R21: =IFERROR(SUM(C21,D21,E21,F21,G21,H21,I21,J21,K21,L21,M21,N21,O21,P21,Q21)/B21*30,0) -> 0 | S21: =IF(COUNTA(T3,U3,V3,W3,X3,Y3,Z3,AA3,AB3,AC3,AD3,AE3,AF3,AG3,AH3)=0,"",COUNTA(T3,U3,V3,W3,X3,Y3,Z3,AA3,AB3,AC3,AD3,AE3,AF3,AG3,AH3)) | AI21: =IFERROR(SUM(T21,U21,V21,W21,X21,Y21,Z21,AA21,AB21,AC21,AD21,AE21,AF21,AG21,AH21)/S21*30,0) -> 0 | AJ21: =IF(COUNTA(AK3,AN3,AQ3,AT3,AW3,AZ3,BC3,BF3,BI3,BL3,BO3,BR3,BU3,BX3,CA3,CD3,CG3,CJ3,CM3,CP3)=0,"",COUNTA(AK3,AN3,AQ3,AT3,AW3,AZ3,BC3,BF3,BI3,BL3,BO3,BR3,BU3,BX3,CA3,CD3,CG3,CJ3,CM3,CP3)) | CS21: =IFERROR(SUM(AK21,AN21,AQ21,AT21,AW21,AZ21,BC21,BF21,BI21,BL21,BO21,BR21,BU21,BX21,CA21,CD21,CG21,CJ21,CM21,CP21)/AJ21*10,0) -> 0 | CT21: =IFERROR(SUM(AL21,AO21,AR21,AU21,AX21,BA21,BD21,BG21,BJ21,BM21,BP21,BS21,BV21,BY21,CB21,CE21,CH21,CK21,CN21,CQ21)/AJ21/5*5,0) -> 0 | CU21: =IFERROR(SUM(AM21,AP21,AS21,AV21,AY21,BB21,BE21,BH21,BK21,BN21,BQ21,BT21,BW21,BZ21,CC21,CF21,CI21,CL21,CO21,CR21)/AJ21*5,0) -> 0 | CV21: =ROUND(SUM(CS21,CT21,CU21),2) -> 0 | CZ21: =ROUND(SUM(R21,AI21,CV21,CW21,CX21,CY21),2) -> 0 | DA21: =ROUND(CZ21/110*100,1) -> 0 | DB21: =IF(CZ21>=90,"A",IF(CZ21>=80,"B",IF(CZ21>=70,"C",IF(CZ21>=60,"D",IF(CZ21>0,"F"," "))))) | DE21: =IF(A21="","",DA21-ROW()/100000000)
B22: =IF(COUNTA(C3,D3,E3,F3,G3,H3,I3,J3,K3,L3,M3,N3,O3,P3,Q3)=0,"",COUNTA(C3,D3,E3,F3,G3,H3,I3,J3,K3,L3,M3,N3,O3,P3,Q3)) | R22: =IFERROR(SUM(C22,D22,E22,F22,G22,H22,I22,J22,K22,L22,M22,N22,O22,P22,Q22)/B22*30,0) -> 0 | S22: =IF(COUNTA(T3,U3,V3,W3,X3,Y3,Z3,AA3,AB3,AC3,AD3,AE3,AF3,AG3,AH3)=0,"",COUNTA(T3,U3,V3,W3,X3,Y3,Z3,AA3,AB3,AC3,AD3,AE3,AF3,AG3,AH3)) | AI22: =IFERROR(SUM(T22,U22,V22,W22,X22,Y22,Z22,AA22,AB22,AC22,AD22,AE22,AF22,AG22,AH22)/S22*30,0) -> 0 | AJ22: =IF(COUNTA(AK3,AN3,AQ3,AT3,AW3,AZ3,BC3,BF3,BI3,BL3,BO3,BR3,BU3,BX3,CA3,CD3,CG3,CJ3,CM3,CP3)=0,"",COUNTA(AK3,AN3,AQ3,AT3,AW3,AZ3,BC3,BF3,BI3,BL3,BO3,BR3,BU3,BX3,CA3,CD3,CG3,CJ3,CM3,CP3)) | CS22: =IFERROR(SUM(AK22,AN22,AQ22,AT22,AW22,AZ22,BC22,BF22,BI22,BL22,BO22,BR22,BU22,BX22,CA22,CD22,CG22,CJ22,CM22,CP22)/AJ22*10,0) -> 0 | CT22: =IFERROR(SUM(AL22,AO22,AR22,AU22,AX22,BA22,BD22,BG22,BJ22,BM22,BP22,BS22,BV22,BY22,CB22,CE22,CH22,CK22,CN22,CQ22)/AJ22/5*5,0) -> 0 | CU22: =IFERROR(SUM(AM22,AP22,AS22,AV22,AY22,BB22,BE22,BH22,BK22,BN22,BQ22,BT22,BW22,BZ22,CC22,CF22,CI22,CL22,CO22,CR22)/AJ22*5,0) -> 0 | CV22: =ROUND(SUM(CS22,CT22,CU22),2) -> 0 | CZ22: =ROUND(SUM(R22,AI22,CV22,CW22,CX22,CY22),2) -> 0 | DA22: =ROUND(CZ22/110*100,1) -> 0 | DB22: =IF(CZ22>=90,"A",IF(CZ22>=80,"B",IF(CZ22>=70,"C",IF(CZ22>=60,"D",IF(CZ22>0,"F"," "))))) | DE22: =IF(A22="","",DA22-ROW()/100000000)
B23: =IF(COUNTA(C3,D3,E3,F3,G3,H3,I3,J3,K3,L3,M3,N3,O3,P3,Q3)=0,"",COUNTA(C3,D3,E3,F3,G3,H3,I3,J3,K3,L3,M3,N3,O3,P3,Q3)) | R23: =IFERROR(SUM(C23,D23,E23,F23,G23,H23,I23,J23,K23,L23,M23,N23,O23,P23,Q23)/B23*30,0) -> 0 | S23: =IF(COUNTA(T3,U3,V3,W3,X3,Y3,Z3,AA3,AB3,AC3,AD3,AE3,AF3,AG3,AH3)=0,"",COUNTA(T3,U3,V3,W3,X3,Y3,Z3,AA3,AB3,AC3,AD3,AE3,AF3,AG3,AH3)) | AI23: =IFERROR(SUM(T23,U23,V23,W23,X23,Y23,Z23,AA23,AB23,AC23,AD23,AE23,AF23,AG23,AH23)/S23*30,0) -> 0 | AJ23: =IF(COUNTA(AK3,AN3,AQ3,AT3,AW3,AZ3,BC3,BF3,BI3,BL3,BO3,BR3,BU3,BX3,CA3,CD3,CG3,CJ3,CM3,CP3)=0,"",COUNTA(AK3,AN3,AQ3,AT3,AW3,AZ3,BC3,BF3,BI3,BL3,BO3,BR3,BU3,BX3,CA3,CD3,CG3,CJ3,CM3,CP3)) | CS23: =IFERROR(SUM(AK23,AN23,AQ23,AT23,AW23,AZ23,BC23,BF23,BI23,BL23,BO23,BR23,BU23,BX23,CA23,CD23,CG23,CJ23,CM23,CP23)/AJ23*10,0) -> 0 | CT23: =IFERROR(SUM(AL23,AO23,AR23,AU23,AX23,BA23,BD23,BG23,BJ23,BM23,BP23,BS23,BV23,BY23,CB23,CE23,CH23,CK23,CN23,CQ23)/AJ23/5*5,0) -> 0 | CU23: =IFERROR(SUM(AM23,AP23,AS23,AV23,AY23,BB23,BE23,BH23,BK23,BN23,BQ23,BT23,BW23,BZ23,CC23,CF23,CI23,CL23,CO23,CR23)/AJ23*5,0) -> 0 | CV23: =ROUND(SUM(CS23,CT23,CU23),2) -> 0 | CZ23: =ROUND(SUM(R23,AI23,CV23,CW23,CX23,CY23),2) -> 0 | DA23: =ROUND(CZ23/110*100,1) -> 0 | DB23: =IF(CZ23>=90,"A",IF(CZ23>=80,"B",IF(CZ23>=70,"C",IF(CZ23>=60,"D",IF(CZ23>0,"F"," "))))) | DE23: =IF(A23="","",DA23-ROW()/100000000)
B24: =IF(COUNTA(C3,D3,E3,F3,G3,H3,I3,J3,K3,L3,M3,N3,O3,P3,Q3)=0,"",COUNTA(C3,D3,E3,F3,G3,H3,I3,J3,K3,L3,M3,N3,O3,P3,Q3)) | R24: =IFERROR(SUM(C24,D24,E24,F24,G24,H24,I24,J24,K24,L24,M24,N24,O24,P24,Q24)/B24*30,0) -> 0 | S24: =IF(COUNTA(T3,U3,V3,W3,X3,Y3,Z3,AA3,AB3,AC3,AD3,AE3,AF3,AG3,AH3)=0,"",COUNTA(T3,U3,V3,W3,X3,Y3,Z3,AA3,AB3,AC3,AD3,AE3,AF3,AG3,AH3)) | AI24: =IFERROR(SUM(T24,U24,V24,W24,X24,Y24,Z24,AA24,AB24,AC24,AD24,AE24,AF24,AG24,AH24)/S24*30,0) -> 0 | AJ24: =IF(COUNTA(AK3,AN3,AQ3,AT3,AW3,AZ3,BC3,BF3,BI3,BL3,BO3,BR3,BU3,BX3,CA3,CD3,CG3,CJ3,CM3,CP3)=0,"",COUNTA(AK3,AN3,AQ3,AT3,AW3,AZ3,BC3,BF3,BI3,BL3,BO3,BR3,BU3,BX3,CA3,CD3,CG3,CJ3,CM3,CP3)) | CS24: =IFERROR(SUM(AK24,AN24,AQ24,AT24,AW24,AZ24,BC24,BF24,BI24,BL24,BO24,BR24,BU24,BX24,CA24,CD24,CG24,CJ24,CM24,CP24)/AJ24*10,0) -> 0 | CT24: =IFERROR(SUM(AL24,AO24,AR24,AU24,AX24,BA24,BD24,BG24,BJ24,BM24,BP24,BS24,BV24,BY24,CB24,CE24,CH24,CK24,CN24,CQ24)/AJ24/5*5,0) -> 0 | CU24: =IFERROR(SUM(AM24,AP24,AS24,AV24,AY24,BB24,BE24,BH24,BK24,BN24,BQ24,BT24,BW24,BZ24,CC24,CF24,CI24,CL24,CO24,CR24)/AJ24*5,0) -> 0 | CV24: =ROUND(SUM(CS24,CT24,CU24),2) -> 0 | CZ24: =ROUND(SUM(R24,AI24,CV24,CW24,CX24,CY24),2) -> 0 | DA24: =ROUND(CZ24/110*100,1) -> 0 | DB24: =IF(CZ24>=90,"A",IF(CZ24>=80,"B",IF(CZ24>=70,"C",IF(CZ24>=60,"D",IF(CZ24>0,"F"," "))))) | DE24: =IF(A24="","",DA24-ROW()/100000000)
B25: =IF(COUNTA(C3,D3,E3,F3,G3,H3,I3,J3,K3,L3,M3,N3,O3,P3,Q3)=0,"",COUNTA(C3,D3,E3,F3,G3,H3,I3,J3,K3,L3,M3,N3,O3,P3,Q3)) | R25: =IFERROR(SUM(C25,D25,E25,F25,G25,H25,I25,J25,K25,L25,M25,N25,O25,P25,Q25)/B25*30,0) -> 0 | S25: =IF(COUNTA(T3,U3,V3,W3,X3,Y3,Z3,AA3,AB3,AC3,AD3,AE3,AF3,AG3,AH3)=0,"",COUNTA(T3,U3,V3,W3,X3,Y3,Z3,AA3,AB3,AC3,AD3,AE3,AF3,AG3,AH3)) | AI25: =IFERROR(SUM(T25,U25,V25,W25,X25,Y25,Z25,AA25,AB25,AC25,AD25,AE25,AF25,AG25,AH25)/S25*30,0) -> 0 | AJ25: =IF(COUNTA(AK3,AN3,AQ3,AT3,AW3,AZ3,BC3,BF3,BI3,BL3,BO3,BR3,BU3,BX3,CA3,CD3,CG3,CJ3,CM3,CP3)=0,"",COUNTA(AK3,AN3,AQ3,AT3,AW3,AZ3,BC3,BF3,BI3,BL3,BO3,BR3,BU3,BX3,CA3,CD3,CG3,CJ3,CM3,CP3)) | CS25: =IFERROR(SUM(AK25,AN25,AQ25,AT25,AW25,AZ25,BC25,BF25,BI25,BL25,BO25,BR25,BU25,BX25,CA25,CD25,CG25,CJ25,CM25,CP25)/AJ25*10,0) -> 0 | CT25: =IFERROR(SUM(AL25,AO25,AR25,AU25,AX25,BA25,BD25,BG25,BJ25,BM25,BP25,BS25,BV25,BY25,CB25,CE25,CH25,CK25,CN25,CQ25)/AJ25/5*5,0) -> 0 | CU25: =IFERROR(SUM(AM25,AP25,AS25,AV25,AY25,BB25,BE25,BH25,BK25,BN25,BQ25,BT25,BW25,BZ25,CC25,CF25,CI25,CL25,CO25,CR25)/AJ25*5,0) -> 0 | CV25: =ROUND(SUM(CS25,CT25,CU25),2) -> 0 | CZ25: =ROUND(SUM(R25,AI25,CV25,CW25,CX25,CY25),2) -> 0 | DA25: =ROUND(CZ25/110*100,1) -> 0 | DB25: =IF(CZ25>=90,"A",IF(CZ25>=80,"B",IF(CZ25>=70,"C",IF(CZ25>=60,"D",IF(CZ25>0,"F"," "))))) | DE25: =IF(A25="","",DA25-ROW()/100000000)
B26: =IF(COUNTA(C3,D3,E3,F3,G3,H3,I3,J3,K3,L3,M3,N3,O3,P3,Q3)=0,"",COUNTA(C3,D3,E3,F3,G3,H3,I3,J3,K3,L3,M3,N3,O3,P3,Q3)) | R26: =IFERROR(SUM(C26,D26,E26,F26,G26,H26,I26,J26,K26,L26,M26,N26,O26,P26,Q26)/B26*30,0) -> 0 | S26: =IF(COUNTA(T3,U3,V3,W3,X3,Y3,Z3,AA3,AB3,AC3,AD3,AE3,AF3,AG3,AH3)=0,"",COUNTA(T3,U3,V3,W3,X3,Y3,Z3,AA3,AB3,AC3,AD3,AE3,AF3,AG3,AH3)) | AI26: =IFERROR(SUM(T26,U26,V26,W26,X26,Y26,Z26,AA26,AB26,AC26,AD26,AE26,AF26,AG26,AH26)/S26*30,0) -> 0 | AJ26: =IF(COUNTA(AK3,AN3,AQ3,AT3,AW3,AZ3,BC3,BF3,BI3,BL3,BO3,BR3,BU3,BX3,CA3,CD3,CG3,CJ3,CM3,CP3)=0,"",COUNTA(AK3,AN3,AQ3,AT3,AW3,AZ3,BC3,BF3,BI3,BL3,BO3,BR3,BU3,BX3,CA3,CD3,CG3,CJ3,CM3,CP3)) | CS26: =IFERROR(SUM(AK26,AN26,AQ26,AT26,AW26,AZ26,BC26,BF26,BI26,BL26,BO26,BR26,BU26,BX26,CA26,CD26,CG26,CJ26,CM26,CP26)/AJ26*10,0) -> 0 | CT26: =IFERROR(SUM(AL26,AO26,AR26,AU26,AX26,BA26,BD26,BG26,BJ26,BM26,BP26,BS26,BV26,BY26,CB26,CE26,CH26,CK26,CN26,CQ26)/AJ26/5*5,0) -> 0 | CU26: =IFERROR(SUM(AM26,AP26,AS26,AV26,AY26,BB26,BE26,BH26,BK26,BN26,BQ26,BT26,BW26,BZ26,CC26,CF26,CI26,CL26,CO26,CR26)/AJ26*5,0) -> 0 | CV26: =ROUND(SUM(CS26,CT26,CU26),2) -> 0 | CZ26: =ROUND(SUM(R26,AI26,CV26,CW26,CX26,CY26),2) -> 0 | DA26: =ROUND(CZ26/110*100,1) -> 0 | DB26: =IF(CZ26>=90,"A",IF(CZ26>=80,"B",IF(CZ26>=70,"C",IF(CZ26>=60,"D",IF(CZ26>0,"F"," "))))) | DE26: =IF(A26="","",DA26-ROW()/100000000)
B27: =IF(COUNTA(C3,D3,E3,F3,G3,H3,I3,J3,K3,L3,M3,N3,O3,P3,Q3)=0,"",COUNTA(C3,D3,E3,F3,G3,H3,I3,J3,K3,L3,M3,N3,O3,P3,Q3)) | R27: =IFERROR(SUM(C27,D27,E27,F27,G27,H27,I27,J27,K27,L27,M27,N27,O27,P27,Q27)/B27*30,0) -> 0 | S27: =IF(COUNTA(T3,U3,V3,W3,X3,Y3,Z3,AA3,AB3,AC3,AD3,AE3,AF3,AG3,AH3)=0,"",COUNTA(T3,U3,V3,W3,X3,Y3,Z3,AA3,AB3,AC3,AD3,AE3,AF3,AG3,AH3)) | AI27: =IFERROR(SUM(T27,U27,V27,W27,X27,Y27,Z27,AA27,AB27,AC27,AD27,AE27,AF27,AG27,AH27)/S27*30,0) -> 0 | AJ27: =IF(COUNTA(AK3,AN3,AQ3,AT3,AW3,AZ3,BC3,BF3,BI3,BL3,BO3,BR3,BU3,BX3,CA3,CD3,CG3,CJ3,CM3,CP3)=0,"",COUNTA(AK3,AN3,AQ3,AT3,AW3,AZ3,BC3,BF3,BI3,BL3,BO3,BR3,BU3,BX3,CA3,CD3,CG3,CJ3,CM3,CP3)) | CS27: =IFERROR(SUM(AK27,AN27,AQ27,AT27,AW27,AZ27,BC27,BF27,BI27,BL27,BO27,BR27,BU27,BX27,CA27,CD27,CG27,CJ27,CM27,CP27)/AJ27*10,0) -> 0 | CT27: =IFERROR(SUM(AL27,AO27,AR27,AU27,AX27,BA27,BD27,BG27,BJ27,BM27,BP27,BS27,BV27,BY27,CB27,CE27,CH27,CK27,CN27,CQ27)/AJ27/5*5,0) -> 0 | CU27: =IFERROR(SUM(AM27,AP27,AS27,AV27,AY27,BB27,BE27,BH27,BK27,BN27,BQ27,BT27,BW27,BZ27,CC27,CF27,CI27,CL27,CO27,CR27)/AJ27*5,0) -> 0 | CV27: =ROUND(SUM(CS27,CT27,CU27),2) -> 0 | CZ27: =ROUND(SUM(R27,AI27,CV27,CW27,CX27,CY27),2) -> 0 | DA27: =ROUND(CZ27/110*100,1) -> 0 | DB27: =IF(CZ27>=90,"A",IF(CZ27>=80,"B",IF(CZ27>=70,"C",IF(CZ27>=60,"D",IF(CZ27>0,"F"," "))))) | DE27: =IF(A27="","",DA27-ROW()/100000000)
B28: =IF(COUNTA(C3,D3,E3,F3,G3,H3,I3,J3,K3,L3,M3,N3,O3,P3,Q3)=0,"",COUNTA(C3,D3,E3,F3,G3,H3,I3,J3,K3,L3,M3,N3,O3,P3,Q3)) | R28: =IFERROR(SUM(C28,D28,E28,F28,G28,H28,I28,J28,K28,L28,M28,N28,O28,P28,Q28)/B28*30,0) -> 0 | S28: =IF(COUNTA(T3,U3,V3,W3,X3,Y3,Z3,AA3,AB3,AC3,AD3,AE3,AF3,AG3,AH3)=0,"",COUNTA(T3,U3,V3,W3,X3,Y3,Z3,AA3,AB3,AC3,AD3,AE3,AF3,AG3,AH3)) | AI28: =IFERROR(SUM(T28,U28,V28,W28,X28,Y28,Z28,AA28,AB28,AC28,AD28,AE28,AF28,AG28,AH28)/S28*30,0) -> 0 | AJ28: =IF(COUNTA(AK3,AN3,AQ3,AT3,AW3,AZ3,BC3,BF3,BI3,BL3,BO3,BR3,BU3,BX3,CA3,CD3,CG3,CJ3,CM3,CP3)=0,"",COUNTA(AK3,AN3,AQ3,AT3,AW3,AZ3,BC3,BF3,BI3,BL3,BO3,BR3,BU3,BX3,CA3,CD3,CG3,CJ3,CM3,CP3)) | CS28: =IFERROR(SUM(AK28,AN28,AQ28,AT28,AW28,AZ28,BC28,BF28,BI28,BL28,BO28,BR28,BU28,BX28,CA28,CD28,CG28,CJ28,CM28,CP28)/AJ28*10,0) -> 0 | CT28: =IFERROR(SUM(AL28,AO28,AR28,AU28,AX28,BA28,BD28,BG28,BJ28,BM28,BP28,BS28,BV28,BY28,CB28,CE28,CH28,CK28,CN28,CQ28)/AJ28/5*5,0) -> 0 | CU28: =IFERROR(SUM(AM28,AP28,AS28,AV28,AY28,BB28,BE28,BH28,BK28,BN28,BQ28,BT28,BW28,BZ28,CC28,CF28,CI28,CL28,CO28,CR28)/AJ28*5,0) -> 0 | CV28: =ROUND(SUM(CS28,CT28,CU28),2) -> 0 | CZ28: =ROUND(SUM(R28,AI28,CV28,CW28,CX28,CY28),2) -> 0 | DA28: =ROUND(CZ28/110*100,1) -> 0 | DB28: =IF(CZ28>=90,"A",IF(CZ28>=80,"B",IF(CZ28>=70,"C",IF(CZ28>=60,"D",IF(CZ28>0,"F"," "))))) | DE28: =IF(A28="","",DA28-ROW()/100000000)
B29: =IF(COUNTA(C3,D3,E3,F3,G3,H3,I3,J3,K3,L3,M3,N3,O3,P3,Q3)=0,"",COUNTA(C3,D3,E3,F3,G3,H3,I3,J3,K3,L3,M3,N3,O3,P3,Q3)) | R29: =IFERROR(SUM(C29,D29,E29,F29,G29,H29,I29,J29,K29,L29,M29,N29,O29,P29,Q29)/B29*30,0) -> 0 | S29: =IF(COUNTA(T3,U3,V3,W3,X3,Y3,Z3,AA3,AB3,AC3,AD3,AE3,AF3,AG3,AH3)=0,"",COUNTA(T3,U3,V3,W3,X3,Y3,Z3,AA3,AB3,AC3,AD3,AE3,AF3,AG3,AH3)) | AI29: =IFERROR(SUM(T29,U29,V29,W29,X29,Y29,Z29,AA29,AB29,AC29,AD29,AE29,AF29,AG29,AH29)/S29*30,0) -> 0 | AJ29: =IF(COUNTA(AK3,AN3,AQ3,AT3,AW3,AZ3,BC3,BF3,BI3,BL3,BO3,BR3,BU3,BX3,CA3,CD3,CG3,CJ3,CM3,CP3)=0,"",COUNTA(AK3,AN3,AQ3,AT3,AW3,AZ3,BC3,BF3,BI3,BL3,BO3,BR3,BU3,BX3,CA3,CD3,CG3,CJ3,CM3,CP3)) | CS29: =IFERROR(SUM(AK29,AN29,AQ29,AT29,AW29,AZ29,BC29,BF29,BI29,BL29,BO29,BR29,BU29,BX29,CA29,CD29,CG29,CJ29,CM29,CP29)/AJ29*10,0) -> 0 | CT29: =IFERROR(SUM(AL29,AO29,AR29,AU29,AX29,BA29,BD29,BG29,BJ29,BM29,BP29,BS29,BV29,BY29,CB29,CE29,CH29,CK29,CN29,CQ29)/AJ29/5*5,0) -> 0 | CU29: =IFERROR(SUM(AM29,AP29,AS29,AV29,AY29,BB29,BE29,BH29,BK29,BN29,BQ29,BT29,BW29,BZ29,CC29,CF29,CI29,CL29,CO29,CR29)/AJ29*5,0) -> 0 | CV29: =ROUND(SUM(CS29,CT29,CU29),2) -> 0 | CZ29: =ROUND(SUM(R29,AI29,CV29,CW29,CX29,CY29),2) -> 0 | DA29: =ROUND(CZ29/110*100,1) -> 0 | DB29: =IF(CZ29>=90,"A",IF(CZ29>=80,"B",IF(CZ29>=70,"C",IF(CZ29>=60,"D",IF(CZ29>0,"F"," "))))) | DE29: =IF(A29="","",DA29-ROW()/100000000)
B30: =IF(COUNTA(C3,D3,E3,F3,G3,H3,I3,J3,K3,L3,M3,N3,O3,P3,Q3)=0,"",COUNTA(C3,D3,E3,F3,G3,H3,I3,J3,K3,L3,M3,N3,O3,P3,Q3)) | R30: =IFERROR(SUM(C30,D30,E30,F30,G30,H30,I30,J30,K30,L30,M30,N30,O30,P30,Q30)/B30*30,0) -> 0 | S30: =IF(COUNTA(T3,U3,V3,W3,X3,Y3,Z3,AA3,AB3,AC3,AD3,AE3,AF3,AG3,AH3)=0,"",COUNTA(T3,U3,V3,W3,X3,Y3,Z3,AA3,AB3,AC3,AD3,AE3,AF3,AG3,AH3)) | AI30: =IFERROR(SUM(T30,U30,V30,W30,X30,Y30,Z30,AA30,AB30,AC30,AD30,AE30,AF30,AG30,AH30)/S30*30,0) -> 0 | AJ30: =IF(COUNTA(AK3,AN3,AQ3,AT3,AW3,AZ3,BC3,BF3,BI3,BL3,BO3,BR3,BU3,BX3,CA3,CD3,CG3,CJ3,CM3,CP3)=0,"",COUNTA(AK3,AN3,AQ3,AT3,AW3,AZ3,BC3,BF3,BI3,BL3,BO3,BR3,BU3,BX3,CA3,CD3,CG3,CJ3,CM3,CP3)) | CS30: =IFERROR(SUM(AK30,AN30,AQ30,AT30,AW30,AZ30,BC30,BF30,BI30,BL30,BO30,BR30,BU30,BX30,CA30,CD30,CG30,CJ30,CM30,CP30)/AJ30*10,0) -> 0 | CT30: =IFERROR(SUM(AL30,AO30,AR30,AU30,AX30,BA30,BD30,BG30,BJ30,BM30,BP30,BS30,BV30,BY30,CB30,CE30,CH30,CK30,CN30,CQ30)/AJ30/5*5,0) -> 0 | CU30: =IFERROR(SUM(AM30,AP30,AS30,AV30,AY30,BB30,BE30,BH30,BK30,BN30,BQ30,BT30,BW30,BZ30,CC30,CF30,CI30,CL30,CO30,CR30)/AJ30*5,0) -> 0 | CV30: =ROUND(SUM(CS30,CT30,CU30),2) -> 0 | CZ30: =ROUND(SUM(R30,AI30,CV30,CW30,CX30,CY30),2) -> 0 | DA30: =ROUND(CZ30/110*100,1) -> 0 | DB30: =IF(CZ30>=90,"A",IF(CZ30>=80,"B",IF(CZ30>=70,"C",IF(CZ30>=60,"D",IF(CZ30>0,"F"," "))))) | DE30: =IF(A30="","",DA30-ROW()/100000000)
B31: =IF(COUNTA(C3,D3,E3,F3,G3,H3,I3,J3,K3,L3,M3,N3,O3,P3,Q3)=0,"",COUNTA(C3,D3,E3,F3,G3,H3,I3,J3,K3,L3,M3,N3,O3,P3,Q3)) | R31: =IFERROR(SUM(C31,D31,E31,F31,G31,H31,I31,J31,K31,L31,M31,N31,O31,P31,Q31)/B31*30,0) -> 0 | S31: =IF(COUNTA(T3,U3,V3,W3,X3,Y3,Z3,AA3,AB3,AC3,AD3,AE3,AF3,AG3,AH3)=0,"",COUNTA(T3,U3,V3,W3,X3,Y3,Z3,AA3,AB3,AC3,AD3,AE3,AF3,AG3,AH3)) | AI31: =IFERROR(SUM(T31,U31,V31,W31,X31,Y31,Z31,AA31,AB31,AC31,AD31,AE31,AF31,AG31,AH31)/S31*30,0) -> 0 | AJ31: =IF(COUNTA(AK3,AN3,AQ3,AT3,AW3,AZ3,BC3,BF3,BI3,BL3,BO3,BR3,BU3,BX3,CA3,CD3,CG3,CJ3,CM3,CP3)=0,"",COUNTA(AK3,AN3,AQ3,AT3,AW3,AZ3,BC3,BF3,BI3,BL3,BO3,BR3,BU3,BX3,CA3,CD3,CG3,CJ3,CM3,CP3)) | CS31: =IFERROR(SUM(AK31,AN31,AQ31,AT31,AW31,AZ31,BC31,BF31,BI31,BL31,BO31,BR31,BU31,BX31,CA31,CD31,CG31,CJ31,CM31,CP31)/AJ31*10,0) -> 0 | CT31: =IFERROR(SUM(AL31,AO31,AR31,AU31,AX31,BA31,BD31,BG31,BJ31,BM31,BP31,BS31,BV31,BY31,CB31,CE31,CH31,CK31,CN31,CQ31)/AJ31/5*5,0) -> 0 | CU31: =IFERROR(SUM(AM31,AP31,AS31,AV31,AY31,BB31,BE31,BH31,BK31,BN31,BQ31,BT31,BW31,BZ31,CC31,CF31,CI31,CL31,CO31,CR31)/AJ31*5,0) -> 0 | CV31: =ROUND(SUM(CS31,CT31,CU31),2) -> 0 | CZ31: =ROUND(SUM(R31,AI31,CV31,CW31,CX31,CY31),2) -> 0 | DA31: =ROUND(CZ31/110*100,1) -> 0 | DB31: =IF(CZ31>=90,"A",IF(CZ31>=80,"B",IF(CZ31>=70,"C",IF(CZ31>=60,"D",IF(CZ31>0,"F"," "))))) | DE31: =IF(A31="","",DA31-ROW()/100000000)
B32: =IF(COUNTA(C3,D3,E3,F3,G3,H3,I3,J3,K3,L3,M3,N3,O3,P3,Q3)=0,"",COUNTA(C3,D3,E3,F3,G3,H3,I3,J3,K3,L3,M3,N3,O3,P3,Q3)) | R32: =IFERROR(SUM(C32,D32,E32,F32,G32,H32,I32,J32,K32,L32,M32,N32,O32,P32,Q32)/B32*30,0) -> 0 | S32: =IF(COUNTA(T3,U3,V3,W3,X3,Y3,Z3,AA3,AB3,AC3,AD3,AE3,AF3,AG3,AH3)=0,"",COUNTA(T3,U3,V3,W3,X3,Y3,Z3,AA3,AB3,AC3,AD3,AE3,AF3,AG3,AH3)) | AI32: =IFERROR(SUM(T32,U32,V32,W32,X32,Y32,Z32,AA32,AB32,AC32,AD32,AE32,AF32,AG32,AH32)/S32*30,0) -> 0 | AJ32: =IF(COUNTA(AK3,AN3,AQ3,AT3,AW3,AZ3,BC3,BF3,BI3,BL3,BO3,BR3,BU3,BX3,CA3,CD3,CG3,CJ3,CM3,CP3)=0,"",COUNTA(AK3,AN3,AQ3,AT3,AW3,AZ3,BC3,BF3,BI3,BL3,BO3,BR3,BU3,BX3,CA3,CD3,CG3,CJ3,CM3,CP3)) | CS32: =IFERROR(SUM(AK32,AN32,AQ32,AT32,AW32,AZ32,BC32,BF32,BI32,BL32,BO32,BR32,BU32,BX32,CA32,CD32,CG32,CJ32,CM32,CP32)/AJ32*10,0) -> 0 | CT32: =IFERROR(SUM(AL32,AO32,AR32,AU32,AX32,BA32,BD32,BG32,BJ32,BM32,BP32,BS32,BV32,BY32,CB32,CE32,CH32,CK32,CN32,CQ32)/AJ32/5*5,0) -> 0 | CU32: =IFERROR(SUM(AM32,AP32,AS32,AV32,AY32,BB32,BE32,BH32,BK32,BN32,BQ32,BT32,BW32,BZ32,CC32,CF32,CI32,CL32,CO32,CR32)/AJ32*5,0) -> 0 | CV32: =ROUND(SUM(CS32,CT32,CU32),2) -> 0 | CZ32: =ROUND(SUM(R32,AI32,CV32,CW32,CX32,CY32),2) -> 0 | DA32: =ROUND(CZ32/110*100,1) -> 0 | DB32: =IF(CZ32>=90,"A",IF(CZ32>=80,"B",IF(CZ32>=70,"C",IF(CZ32>=60,"D",IF(CZ32>0,"F"," "))))) | DE32: =IF(A32="","",DA32-ROW()/100000000)
B33: =IF(COUNTA(C3,D3,E3,F3,G3,H3,I3,J3,K3,L3,M3,N3,O3,P3,Q3)=0,"",COUNTA(C3,D3,E3,F3,G3,H3,I3,J3,K3,L3,M3,N3,O3,P3,Q3)) | R33: =IFERROR(SUM(C33,D33,E33,F33,G33,H33,I33,J33,K33,L33,M33,N33,O33,P33,Q33)/B33*30,0) -> 0 | S33: =IF(COUNTA(T3,U3,V3,W3,X3,Y3,Z3,AA3,AB3,AC3,AD3,AE3,AF3,AG3,AH3)=0,"",COUNTA(T3,U3,V3,W3,X3,Y3,Z3,AA3,AB3,AC3,AD3,AE3,AF3,AG3,AH3)) | AI33: =IFERROR(SUM(T33,U33,V33,W33,X33,Y33,Z33,AA33,AB33,AC33,AD33,AE33,AF33,AG33,AH33)/S33*30,0) -> 0 | AJ33: =IF(COUNTA(AK3,AN3,AQ3,AT3,AW3,AZ3,BC3,BF3,BI3,BL3,BO3,BR3,BU3,BX3,CA3,CD3,CG3,CJ3,CM3,CP3)=0,"",COUNTA(AK3,AN3,AQ3,AT3,AW3,AZ3,BC3,BF3,BI3,BL3,BO3,BR3,BU3,BX3,CA3,CD3,CG3,CJ3,CM3,CP3)) | CS33: =IFERROR(SUM(AK33,AN33,AQ33,AT33,AW33,AZ33,BC33,BF33,BI33,BL33,BO33,BR33,BU33,BX33,CA33,CD33,CG33,CJ33,CM33,CP33)/AJ33*10,0) -> 0 | CT33: =IFERROR(SUM(AL33,AO33,AR33,AU33,AX33,BA33,BD33,BG33,BJ33,BM33,BP33,BS33,BV33,BY33,CB33,CE33,CH33,CK33,CN33,CQ33)/AJ33/5*5,0) -> 0 | CU33: =IFERROR(SUM(AM33,AP33,AS33,AV33,AY33,BB33,BE33,BH33,BK33,BN33,BQ33,BT33,BW33,BZ33,CC33,CF33,CI33,CL33,CO33,CR33)/AJ33*5,0) -> 0 | CV33: =ROUND(SUM(CS33,CT33,CU33),2) -> 0 | CZ33: =ROUND(SUM(R33,AI33,CV33,CW33,CX33,CY33),2) -> 0 | DA33: =ROUND(CZ33/110*100,1) -> 0 | DB33: =IF(CZ33>=90,"A",IF(CZ33>=80,"B",IF(CZ33>=70,"C",IF(CZ33>=60,"D",IF(CZ33>0,"F"," "))))) | DE33: =IF(A33="","",DA33-ROW()/100000000)
B34: =IF(COUNTA(C3,D3,E3,F3,G3,H3,I3,J3,K3,L3,M3,N3,O3,P3,Q3)=0,"",COUNTA(C3,D3,E3,F3,G3,H3,I3,J3,K3,L3,M3,N3,O3,P3,Q3)) | R34: =IFERROR(SUM(C34,D34,E34,F34,G34,H34,I34,J34,K34,L34,M34,N34,O34,P34,Q34)/B34*30,0) -> 0 | S34: =IF(COUNTA(T3,U3,V3,W3,X3,Y3,Z3,AA3,AB3,AC3,AD3,AE3,AF3,AG3,AH3)=0,"",COUNTA(T3,U3,V3,W3,X3,Y3,Z3,AA3,AB3,AC3,AD3,AE3,AF3,AG3,AH3)) | AI34: =IFERROR(SUM(T34,U34,V34,W34,X34,Y34,Z34,AA34,AB34,AC34,AD34,AE34,AF34,AG34,AH34)/S34*30,0) -> 0 | AJ34: =IF(COUNTA(AK3,AN3,AQ3,AT3,AW3,AZ3,BC3,BF3,BI3,BL3,BO3,BR3,BU3,BX3,CA3,CD3,CG3,CJ3,CM3,CP3)=0,"",COUNTA(AK3,AN3,AQ3,AT3,AW3,AZ3,BC3,BF3,BI3,BL3,BO3,BR3,BU3,BX3,CA3,CD3,CG3,CJ3,CM3,CP3)) | CS34: =IFERROR(SUM(AK34,AN34,AQ34,AT34,AW34,AZ34,BC34,BF34,BI34,BL34,BO34,BR34,BU34,BX34,CA34,CD34,CG34,CJ34,CM34,CP34)/AJ34*10,0) -> 0 | CT34: =IFERROR(SUM(AL34,AO34,AR34,AU34,AX34,BA34,BD34,BG34,BJ34,BM34,BP34,BS34,BV34,BY34,CB34,CE34,CH34,CK34,CN34,CQ34)/AJ34/5*5,0) -> 0 | CU34: =IFERROR(SUM(AM34,AP34,AS34,AV34,AY34,BB34,BE34,BH34,BK34,BN34,BQ34,BT34,BW34,BZ34,CC34,CF34,CI34,CL34,CO34,CR34)/AJ34*5,0) -> 0 | CV34: =ROUND(SUM(CS34,CT34,CU34),2) -> 0 | CZ34: =ROUND(SUM(R34,AI34,CV34,CW34,CX34,CY34),2) -> 0 | DA34: =ROUND(CZ34/110*100,1) -> 0 | DB34: =IF(CZ34>=90,"A",IF(CZ34>=80,"B",IF(CZ34>=70,"C",IF(CZ34>=60,"D",IF(CZ34>0,"F"," "))))) | DE34: =IF(A34="","",DA34-ROW()/100000000)
B35: =IF(COUNTA(C3,D3,E3,F3,G3,H3,I3,J3,K3,L3,M3,N3,O3,P3,Q3)=0,"",COUNTA(C3,D3,E3,F3,G3,H3,I3,J3,K3,L3,M3,N3,O3,P3,Q3)) | R35: =IFERROR(SUM(C35,D35,E35,F35,G35,H35,I35,J35,K35,L35,M35,N35,O35,P35,Q35)/B35*30,0) -> 0 | S35: =IF(COUNTA(T3,U3,V3,W3,X3,Y3,Z3,AA3,AB3,AC3,AD3,AE3,AF3,AG3,AH3)=0,"",COUNTA(T3,U3,V3,W3,X3,Y3,Z3,AA3,AB3,AC3,AD3,AE3,AF3,AG3,AH3)) | AI35: =IFERROR(SUM(T35,U35,V35,W35,X35,Y35,Z35,AA35,AB35,AC35,AD35,AE35,AF35,AG35,AH35)/S35*30,0) -> 0 | AJ35: =IF(COUNTA(AK3,AN3,AQ3,AT3,AW3,AZ3,BC3,BF3,BI3,BL3,BO3,BR3,BU3,BX3,CA3,CD3,CG3,CJ3,CM3,CP3)=0,"",COUNTA(AK3,AN3,AQ3,AT3,AW3,AZ3,BC3,BF3,BI3,BL3,BO3,BR3,BU3,BX3,CA3,CD3,CG3,CJ3,CM3,CP3)) | CS35: =IFERROR(SUM(AK35,AN35,AQ35,AT35,AW35,AZ35,BC35,BF35,BI35,BL35,BO35,BR35,BU35,BX35,CA35,CD35,CG35,CJ35,CM35,CP35)/AJ35*10,0) -> 0 | CT35: =IFERROR(SUM(AL35,AO35,AR35,AU35,AX35,BA35,BD35,BG35,BJ35,BM35,BP35,BS35,BV35,BY35,CB35,CE35,CH35,CK35,CN35,CQ35)/AJ35/5*5,0) -> 0 | CU35: =IFERROR(SUM(AM35,AP35,AS35,AV35,AY35,BB35,BE35,BH35,BK35,BN35,BQ35,BT35,BW35,BZ35,CC35,CF35,CI35,CL35,CO35,CR35)/AJ35*5,0) -> 0 | CV35: =ROUND(SUM(CS35,CT35,CU35),2) -> 0 | CZ35: =ROUND(SUM(R35,AI35,CV35,CW35,CX35,CY35),2) -> 0 | DA35: =ROUND(CZ35/110*100,1) -> 0 | DB35: =IF(CZ35>=90,"A",IF(CZ35>=80,"B",IF(CZ35>=70,"C",IF(CZ35>=60,"D",IF(CZ35>0,"F"," "))))) | DE35: =IF(A35="","",DA35-ROW()/100000000)
B36: =IF(COUNTA(C3,D3,E3,F3,G3,H3,I3,J3,K3,L3,M3,N3,O3,P3,Q3)=0,"",COUNTA(C3,D3,E3,F3,G3,H3,I3,J3,K3,L3,M3,N3,O3,P3,Q3)) | R36: =IFERROR(SUM(C36,D36,E36,F36,G36,H36,I36,J36,K36,L36,M36,N36,O36,P36,Q36)/B36*30,0) -> 0 | S36: =IF(COUNTA(T3,U3,V3,W3,X3,Y3,Z3,AA3,AB3,AC3,AD3,AE3,AF3,AG3,AH3)=0,"",COUNTA(T3,U3,V3,W3,X3,Y3,Z3,AA3,AB3,AC3,AD3,AE3,AF3,AG3,AH3)) | AI36: =IFERROR(SUM(T36,U36,V36,W36,X36,Y36,Z36,AA36,AB36,AC36,AD36,AE36,AF36,AG36,AH36)/S36*30,0) -> 0 | AJ36: =IF(COUNTA(AK3,AN3,AQ3,AT3,AW3,AZ3,BC3,BF3,BI3,BL3,BO3,BR3,BU3,BX3,CA3,CD3,CG3,CJ3,CM3,CP3)=0,"",COUNTA(AK3,AN3,AQ3,AT3,AW3,AZ3,BC3,BF3,BI3,BL3,BO3,BR3,BU3,BX3,CA3,CD3,CG3,CJ3,CM3,CP3)) | CS36: =IFERROR(SUM(AK36,AN36,AQ36,AT36,AW36,AZ36,BC36,BF36,BI36,BL36,BO36,BR36,BU36,BX36,CA36,CD36,CG36,CJ36,CM36,CP36)/AJ36*10,0) -> 0 | CT36: =IFERROR(SUM(AL36,AO36,AR36,AU36,AX36,BA36,BD36,BG36,BJ36,BM36,BP36,BS36,BV36,BY36,CB36,CE36,CH36,CK36,CN36,CQ36)/AJ36/5*5,0) -> 0 | CU36: =IFERROR(SUM(AM36,AP36,AS36,AV36,AY36,BB36,BE36,BH36,BK36,BN36,BQ36,BT36,BW36,BZ36,CC36,CF36,CI36,CL36,CO36,CR36)/AJ36*5,0) -> 0 | CV36: =ROUND(SUM(CS36,CT36,CU36),2) -> 0 | CZ36: =ROUND(SUM(R36,AI36,CV36,CW36,CX36,CY36),2) -> 0 | DA36: =ROUND(CZ36/110*100,1) -> 0 | DB36: =IF(CZ36>=90,"A",IF(CZ36>=80,"B",IF(CZ36>=70,"C",IF(CZ36>=60,"D",IF(CZ36>0,"F"," "))))) | DE36: =IF(A36="","",DA36-ROW()/100000000)
B37: =IF(COUNTA(C3,D3,E3,F3,G3,H3,I3,J3,K3,L3,M3,N3,O3,P3,Q3)=0,"",COUNTA(C3,D3,E3,F3,G3,H3,I3,J3,K3,L3,M3,N3,O3,P3,Q3)) | R37: =IFERROR(SUM(C37,D37,E37,F37,G37,H37,I37,J37,K37,L37,M37,N37,O37,P37,Q37)/B37*30,0) -> 0 | S37: =IF(COUNTA(T3,U3,V3,W3,X3,Y3,Z3,AA3,AB3,AC3,AD3,AE3,AF3,AG3,AH3)=0,"",COUNTA(T3,U3,V3,W3,X3,Y3,Z3,AA3,AB3,AC3,AD3,AE3,AF3,AG3,AH3)) | AI37: =IFERROR(SUM(T37,U37,V37,W37,X37,Y37,Z37,AA37,AB37,AC37,AD37,AE37,AF37,AG37,AH37)/S37*30,0) -> 0 | AJ37: =IF(COUNTA(AK3,AN3,AQ3,AT3,AW3,AZ3,BC3,BF3,BI3,BL3,BO3,BR3,BU3,BX3,CA3,CD3,CG3,CJ3,CM3,CP3)=0,"",COUNTA(AK3,AN3,AQ3,AT3,AW3,AZ3,BC3,BF3,BI3,BL3,BO3,BR3,BU3,BX3,CA3,CD3,CG3,CJ3,CM3,CP3)) | CS37: =IFERROR(SUM(AK37,AN37,AQ37,AT37,AW37,AZ37,BC37,BF37,BI37,BL37,BO37,BR37,BU37,BX37,CA37,CD37,CG37,CJ37,CM37,CP37)/AJ37*10,0) -> 0 | CT37: =IFERROR(SUM(AL37,AO37,AR37,AU37,AX37,BA37,BD37,BG37,BJ37,BM37,BP37,BS37,BV37,BY37,CB37,CE37,CH37,CK37,CN37,CQ37)/AJ37/5*5,0) -> 0 | CU37: =IFERROR(SUM(AM37,AP37,AS37,AV37,AY37,BB37,BE37,BH37,BK37,BN37,BQ37,BT37,BW37,BZ37,CC37,CF37,CI37,CL37,CO37,CR37)/AJ37*5,0) -> 0 | CV37: =ROUND(SUM(CS37,CT37,CU37),2) -> 0 | CZ37: =ROUND(SUM(R37,AI37,CV37,CW37,CX37,CY37),2) -> 0 | DA37: =ROUND(CZ37/110*100,1) -> 0 | DB37: =IF(CZ37>=90,"A",IF(CZ37>=80,"B",IF(CZ37>=70,"C",IF(CZ37>=60,"D",IF(CZ37>0,"F"," "))))) | DE37: =IF(A37="","",DA37-ROW()/100000000)
B38: =IF(COUNTA(C3,D3,E3,F3,G3,H3,I3,J3,K3,L3,M3,N3,O3,P3,Q3)=0,"",COUNTA(C3,D3,E3,F3,G3,H3,I3,J3,K3,L3,M3,N3,O3,P3,Q3)) | R38: =IFERROR(SUM(C38,D38,E38,F38,G38,H38,I38,J38,K38,L38,M38,N38,O38,P38,Q38)/B38*30,0) -> 0 | S38: =IF(COUNTA(T3,U3,V3,W3,X3,Y3,Z3,AA3,AB3,AC3,AD3,AE3,AF3,AG3,AH3)=0,"",COUNTA(T3,U3,V3,W3,X3,Y3,Z3,AA3,AB3,AC3,AD3,AE3,AF3,AG3,AH3)) | AI38: =IFERROR(SUM(T38,U38,V38,W38,X38,Y38,Z38,AA38,AB38,AC38,AD38,AE38,AF38,AG38,AH38)/S38*30,0) -> 0 | AJ38: =IF(COUNTA(AK3,AN3,AQ3,AT3,AW3,AZ3,BC3,BF3,BI3,BL3,BO3,BR3,BU3,BX3,CA3,CD3,CG3,CJ3,CM3,CP3)=0,"",COUNTA(AK3,AN3,AQ3,AT3,AW3,AZ3,BC3,BF3,BI3,BL3,BO3,BR3,BU3,BX3,CA3,CD3,CG3,CJ3,CM3,CP3)) | CS38: =IFERROR(SUM(AK38,AN38,AQ38,AT38,AW38,AZ38,BC38,BF38,BI38,BL38,BO38,BR38,BU38,BX38,CA38,CD38,CG38,CJ38,CM38,CP38)/AJ38*10,0) -> 0 | CT38: =IFERROR(SUM(AL38,AO38,AR38,AU38,AX38,BA38,BD38,BG38,BJ38,BM38,BP38,BS38,BV38,BY38,CB38,CE38,CH38,CK38,CN38,CQ38)/AJ38/5*5,0) -> 0 | CU38: =IFERROR(SUM(AM38,AP38,AS38,AV38,AY38,BB38,BE38,BH38,BK38,BN38,BQ38,BT38,BW38,BZ38,CC38,CF38,CI38,CL38,CO38,CR38)/AJ38*5,0) -> 0 | CV38: =ROUND(SUM(CS38,CT38,CU38),2) -> 0 | CZ38: =ROUND(SUM(R38,AI38,CV38,CW38,CX38,CY38),2) -> 0 | DA38: =ROUND(CZ38/110*100,1) -> 0 | DB38: =IF(CZ38>=90,"A",IF(CZ38>=80,"B",IF(CZ38>=70,"C",IF(CZ38>=60,"D",IF(CZ38>0,"F"," "))))) | DE38: =IF(A38="","",DA38-ROW()/100000000)
B39: =IF(COUNTA(C3,D3,E3,F3,G3,H3,I3,J3,K3,L3,M3,N3,O3,P3,Q3)=0,"",COUNTA(C3,D3,E3,F3,G3,H3,I3,J3,K3,L3,M3,N3,O3,P3,Q3)) | R39: =IFERROR(SUM(C39,D39,E39,F39,G39,H39,I39,J39,K39,L39,M39,N39,O39,P39,Q39)/B39*30,0) -> 0 | S39: =IF(COUNTA(T3,U3,V3,W3,X3,Y3,Z3,AA3,AB3,AC3,AD3,AE3,AF3,AG3,AH3)=0,"",COUNTA(T3,U3,V3,W3,X3,Y3,Z3,AA3,AB3,AC3,AD3,AE3,AF3,AG3,AH3)) | AI39: =IFERROR(SUM(T39,U39,V39,W39,X39,Y39,Z39,AA39,AB39,AC39,AD39,AE39,AF39,AG39,AH39)/S39*30,0) -> 0 | AJ39: =IF(COUNTA(AK3,AN3,AQ3,AT3,AW3,AZ3,BC3,BF3,BI3,BL3,BO3,BR3,BU3,BX3,CA3,CD3,CG3,CJ3,CM3,CP3)=0,"",COUNTA(AK3,AN3,AQ3,AT3,AW3,AZ3,BC3,BF3,BI3,BL3,BO3,BR3,BU3,BX3,CA3,CD3,CG3,CJ3,CM3,CP3)) | CS39: =IFERROR(SUM(AK39,AN39,AQ39,AT39,AW39,AZ39,BC39,BF39,BI39,BL39,BO39,BR39,BU39,BX39,CA39,CD39,CG39,CJ39,CM39,CP39)/AJ39*10,0) -> 0 | CT39: =IFERROR(SUM(AL39,AO39,AR39,AU39,AX39,BA39,BD39,BG39,BJ39,BM39,BP39,BS39,BV39,BY39,CB39,CE39,CH39,CK39,CN39,CQ39)/AJ39/5*5,0) -> 0 | CU39: =IFERROR(SUM(AM39,AP39,AS39,AV39,AY39,BB39,BE39,BH39,BK39,BN39,BQ39,BT39,BW39,BZ39,CC39,CF39,CI39,CL39,CO39,CR39)/AJ39*5,0) -> 0 | CV39: =ROUND(SUM(CS39,CT39,CU39),2) -> 0 | CZ39: =ROUND(SUM(R39,AI39,CV39,CW39,CX39,CY39),2) -> 0 | DA39: =ROUND(CZ39/110*100,1) -> 0 | DB39: =IF(CZ39>=90,"A",IF(CZ39>=80,"B",IF(CZ39>=70,"C",IF(CZ39>=60,"D",IF(CZ39>0,"F"," "))))) | DE39: =IF(A39="","",DA39-ROW()/100000000)
B40: =IF(COUNTA(C3,D3,E3,F3,G3,H3,I3,J3,K3,L3,M3,N3,O3,P3,Q3)=0,"",COUNTA(C3,D3,E3,F3,G3,H3,I3,J3,K3,L3,M3,N3,O3,P3,Q3)) | R40: =IFERROR(SUM(C40,D40,E40,F40,G40,H40,I40,J40,K40,L40,M40,N40,O40,P40,Q40)/B40*30,0) -> 0 | S40: =IF(COUNTA(T3,U3,V3,W3,X3,Y3,Z3,AA3,AB3,AC3,AD3,AE3,AF3,AG3,AH3)=0,"",COUNTA(T3,U3,V3,W3,X3,Y3,Z3,AA3,AB3,AC3,AD3,AE3,AF3,AG3,AH3)) | AI40: =IFERROR(SUM(T40,U40,V40,W40,X40,Y40,Z40,AA40,AB40,AC40,AD40,AE40,AF40,AG40,AH40)/S40*30,0) -> 0 | AJ40: =IF(COUNTA(AK3,AN3,AQ3,AT3,AW3,AZ3,BC3,BF3,BI3,BL3,BO3,BR3,BU3,BX3,CA3,CD3,CG3,CJ3,CM3,CP3)=0,"",COUNTA(AK3,AN3,AQ3,AT3,AW3,AZ3,BC3,BF3,BI3,BL3,BO3,BR3,BU3,BX3,CA3,CD3,CG3,CJ3,CM3,CP3)) | CS40: =IFERROR(SUM(AK40,AN40,AQ40,AT40,AW40,AZ40,BC40,BF40,BI40,BL40,BO40,BR40,BU40,BX40,CA40,CD40,CG40,CJ40,CM40,CP40)/AJ40*10,0) -> 0 | CT40: =IFERROR(SUM(AL40,AO40,AR40,AU40,AX40,BA40,BD40,BG40,BJ40,BM40,BP40,BS40,BV40,BY40,CB40,CE40,CH40,CK40,CN40,CQ40)/AJ40/5*5,0) -> 0 | CU40: =IFERROR(SUM(AM40,AP40,AS40,AV40,AY40,BB40,BE40,BH40,BK40,BN40,BQ40,BT40,BW40,BZ40,CC40,CF40,CI40,CL40,CO40,CR40)/AJ40*5,0) -> 0 | CV40: =ROUND(SUM(CS40,CT40,CU40),2) -> 0 | CZ40: =ROUND(SUM(R40,AI40,CV40,CW40,CX40,CY40),2) -> 0 | DA40: =ROUND(CZ40/110*100,1) -> 0 | DB40: =IF(CZ40>=90,"A",IF(CZ40>=80,"B",IF(CZ40>=70,"C",IF(CZ40>=60,"D",IF(CZ40>0,"F"," "))))) | DE40: =IF(A40="","",DA40-ROW()/100000000)
B41: =IF(COUNTA(C3,D3,E3,F3,G3,H3,I3,J3,K3,L3,M3,N3,O3,P3,Q3)=0,"",COUNTA(C3,D3,E3,F3,G3,H3,I3,J3,K3,L3,M3,N3,O3,P3,Q3)) | R41: =IFERROR(SUM(C41,D41,E41,F41,G41,H41,I41,J41,K41,L41,M41,N41,O41,P41,Q41)/B41*30,0) -> 0 | S41: =IF(COUNTA(T3,U3,V3,W3,X3,Y3,Z3,AA3,AB3,AC3,AD3,AE3,AF3,AG3,AH3)=0,"",COUNTA(T3,U3,V3,W3,X3,Y3,Z3,AA3,AB3,AC3,AD3,AE3,AF3,AG3,AH3)) | AI41: =IFERROR(SUM(T41,U41,V41,W41,X41,Y41,Z41,AA41,AB41,AC41,AD41,AE41,AF41,AG41,AH41)/S41*30,0) -> 0 | AJ41: =IF(COUNTA(AK3,AN3,AQ3,AT3,AW3,AZ3,BC3,BF3,BI3,BL3,BO3,BR3,BU3,BX3,CA3,CD3,CG3,CJ3,CM3,CP3)=0,"",COUNTA(AK3,AN3,AQ3,AT3,AW3,AZ3,BC3,BF3,BI3,BL3,BO3,BR3,BU3,BX3,CA3,CD3,CG3,CJ3,CM3,CP3)) | CS41: =IFERROR(SUM(AK41,AN41,AQ41,AT41,AW41,AZ41,BC41,BF41,BI41,BL41,BO41,BR41,BU41,BX41,CA41,CD41,CG41,CJ41,CM41,CP41)/AJ41*10,0) -> 0 | CT41: =IFERROR(SUM(AL41,AO41,AR41,AU41,AX41,BA41,BD41,BG41,BJ41,BM41,BP41,BS41,BV41,BY41,CB41,CE41,CH41,CK41,CN41,CQ41)/AJ41/5*5,0) -> 0 | CU41: =IFERROR(SUM(AM41,AP41,AS41,AV41,AY41,BB41,BE41,BH41,BK41,BN41,BQ41,BT41,BW41,BZ41,CC41,CF41,CI41,CL41,CO41,CR41)/AJ41*5,0) -> 0 | CV41: =ROUND(SUM(CS41,CT41,CU41),2) -> 0 | CZ41: =ROUND(SUM(R41,AI41,CV41,CW41,CX41,CY41),2) -> 0 | DA41: =ROUND(CZ41/110*100,1) -> 0 | DB41: =IF(CZ41>=90,"A",IF(CZ41>=80,"B",IF(CZ41>=70,"C",IF(CZ41>=60,"D",IF(CZ41>0,"F"," "))))) | DE41: =IF(A41="","",DA41-ROW()/100000000)
B42: =IF(COUNTA(C3,D3,E3,F3,G3,H3,I3,J3,K3,L3,M3,N3,O3,P3,Q3)=0,"",COUNTA(C3,D3,E3,F3,G3,H3,I3,J3,K3,L3,M3,N3,O3,P3,Q3)) | R42: =IFERROR(SUM(C42,D42,E42,F42,G42,H42,I42,J42,K42,L42,M42,N42,O42,P42,Q42)/B42*30,0) -> 0 | S42: =IF(COUNTA(T3,U3,V3,W3,X3,Y3,Z3,AA3,AB3,AC3,AD3,AE3,AF3,AG3,AH3)=0,"",COUNTA(T3,U3,V3,W3,X3,Y3,Z3,AA3,AB3,AC3,AD3,AE3,AF3,AG3,AH3)) | AI42: =IFERROR(SUM(T42,U42,V42,W42,X42,Y42,Z42,AA42,AB42,AC42,AD42,AE42,AF42,AG42,AH42)/S42*30,0) -> 0 | AJ42: =IF(COUNTA(AK3,AN3,AQ3,AT3,AW3,AZ3,BC3,BF3,BI3,BL3,BO3,BR3,BU3,BX3,CA3,CD3,CG3,CJ3,CM3,CP3)=0,"",COUNTA(AK3,AN3,AQ3,AT3,AW3,AZ3,BC3,BF3,BI3,BL3,BO3,BR3,BU3,BX3,CA3,CD3,CG3,CJ3,CM3,CP3)) | CS42: =IFERROR(SUM(AK42,AN42,AQ42,AT42,AW42,AZ42,BC42,BF42,BI42,BL42,BO42,BR42,BU42,BX42,CA42,CD42,CG42,CJ42,CM42,CP42)/AJ42*10,0) -> 0 | CT42: =IFERROR(SUM(AL42,AO42,AR42,AU42,AX42,BA42,BD42,BG42,BJ42,BM42,BP42,BS42,BV42,BY42,CB42,CE42,CH42,CK42,CN42,CQ42)/AJ42/5*5,0) -> 0 | CU42: =IFERROR(SUM(AM42,AP42,AS42,AV42,AY42,BB42,BE42,BH42,BK42,BN42,BQ42,BT42,BW42,BZ42,CC42,CF42,CI42,CL42,CO42,CR42)/AJ42*5,0) -> 0 | CV42: =ROUND(SUM(CS42,CT42,CU42),2) -> 0 | CZ42: =ROUND(SUM(R42,AI42,CV42,CW42,CX42,CY42),2) -> 0 | DA42: =ROUND(CZ42/110*100,1) -> 0 | DB42: =IF(CZ42>=90,"A",IF(CZ42>=80,"B",IF(CZ42>=70,"C",IF(CZ42>=60,"D",IF(CZ42>0,"F"," "))))) | DE42: =IF(A42="","",DA42-ROW()/100000000)
B43: =IF(COUNTA(C3,D3,E3,F3,G3,H3,I3,J3,K3,L3,M3,N3,O3,P3,Q3)=0,"",COUNTA(C3,D3,E3,F3,G3,H3,I3,J3,K3,L3,M3,N3,O3,P3,Q3)) | R43: =IFERROR(SUM(C43,D43,E43,F43,G43,H43,I43,J43,K43,L43,M43,N43,O43,P43,Q43)/B43*30,0) -> 0 | S43: =IF(COUNTA(T3,U3,V3,W3,X3,Y3,Z3,AA3,AB3,AC3,AD3,AE3,AF3,AG3,AH3)=0,"",COUNTA(T3,U3,V3,W3,X3,Y3,Z3,AA3,AB3,AC3,AD3,AE3,AF3,AG3,AH3)) | AI43: =IFERROR(SUM(T43,U43,V43,W43,X43,Y43,Z43,AA43,AB43,AC43,AD43,AE43,AF43,AG43,AH43)/S43*30,0) -> 0 | AJ43: =IF(COUNTA(AK3,AN3,AQ3,AT3,AW3,AZ3,BC3,BF3,BI3,BL3,BO3,BR3,BU3,BX3,CA3,CD3,CG3,CJ3,CM3,CP3)=0,"",COUNTA(AK3,AN3,AQ3,AT3,AW3,AZ3,BC3,BF3,BI3,BL3,BO3,BR3,BU3,BX3,CA3,CD3,CG3,CJ3,CM3,CP3)) | CS43: =IFERROR(SUM(AK43,AN43,AQ43,AT43,AW43,AZ43,BC43,BF43,BI43,BL43,BO43,BR43,BU43,BX43,CA43,CD43,CG43,CJ43,CM43,CP43)/AJ43*10,0) -> 0 | CT43: =IFERROR(SUM(AL43,AO43,AR43,AU43,AX43,BA43,BD43,BG43,BJ43,BM43,BP43,BS43,BV43,BY43,CB43,CE43,CH43,CK43,CN43,CQ43)/AJ43/5*5,0) -> 0 | CU43: =IFERROR(SUM(AM43,AP43,AS43,AV43,AY43,BB43,BE43,BH43,BK43,BN43,BQ43,BT43,BW43,BZ43,CC43,CF43,CI43,CL43,CO43,CR43)/AJ43*5,0) -> 0 | CV43: =ROUND(SUM(CS43,CT43,CU43),2) -> 0 | CZ43: =ROUND(SUM(R43,AI43,CV43,CW43,CX43,CY43),2) -> 0 | DA43: =ROUND(CZ43/110*100,1) -> 0 | DB43: =IF(CZ43>=90,"A",IF(CZ43>=80,"B",IF(CZ43>=70,"C",IF(CZ43>=60,"D",IF(CZ43>0,"F"," "))))) | DE43: =IF(A43="","",DA43-ROW()/100000000)
B44: =IF(COUNTA(C3,D3,E3,F3,G3,H3,I3,J3,K3,L3,M3,N3,O3,P3,Q3)=0,"",COUNTA(C3,D3,E3,F3,G3,H3,I3,J3,K3,L3,M3,N3,O3,P3,Q3)) | R44: =IFERROR(SUM(C44,D44,E44,F44,G44,H44,I44,J44,K44,L44,M44,N44,O44,P44,Q44)/B44*30,0) -> 0 | S44: =IF(COUNTA(T3,U3,V3,W3,X3,Y3,Z3,AA3,AB3,AC3,AD3,AE3,AF3,AG3,AH3)=0,"",COUNTA(T3,U3,V3,W3,X3,Y3,Z3,AA3,AB3,AC3,AD3,AE3,AF3,AG3,AH3)) | AI44: =IFERROR(SUM(T44,U44,V44,W44,X44,Y44,Z44,AA44,AB44,AC44,AD44,AE44,AF44,AG44,AH44)/S44*30,0) -> 0 | AJ44: =IF(COUNTA(AK3,AN3,AQ3,AT3,AW3,AZ3,BC3,BF3,BI3,BL3,BO3,BR3,BU3,BX3,CA3,CD3,CG3,CJ3,CM3,CP3)=0,"",COUNTA(AK3,AN3,AQ3,AT3,AW3,AZ3,BC3,BF3,BI3,BL3,BO3,BR3,BU3,BX3,CA3,CD3,CG3,CJ3,CM3,CP3)) | CS44: =IFERROR(SUM(AK44,AN44,AQ44,AT44,AW44,AZ44,BC44,BF44,BI44,BL44,BO44,BR44,BU44,BX44,CA44,CD44,CG44,CJ44,CM44,CP44)/AJ44*10,0) -> 0 | CT44: =IFERROR(SUM(AL44,AO44,AR44,AU44,AX44,BA44,BD44,BG44,BJ44,BM44,BP44,BS44,BV44,BY44,CB44,CE44,CH44,CK44,CN44,CQ44)/AJ44/5*5,0) -> 0 | CU44: =IFERROR(SUM(AM44,AP44,AS44,AV44,AY44,BB44,BE44,BH44,BK44,BN44,BQ44,BT44,BW44,BZ44,CC44,CF44,CI44,CL44,CO44,CR44)/AJ44*5,0) -> 0 | CV44: =ROUND(SUM(CS44,CT44,CU44),2) -> 0 | CZ44: =ROUND(SUM(R44,AI44,CV44,CW44,CX44,CY44),2) -> 0 | DA44: =ROUND(CZ44/110*100,1) -> 0 | DB44: =IF(CZ44>=90,"A",IF(CZ44>=80,"B",IF(CZ44>=70,"C",IF(CZ44>=60,"D",IF(CZ44>0,"F"," "))))) | DE44: =IF(A44="","",DA44-ROW()/100000000)
B45: =IF(COUNTA(C3,D3,E3,F3,G3,H3,I3,J3,K3,L3,M3,N3,O3,P3,Q3)=0,"",COUNTA(C3,D3,E3,F3,G3,H3,I3,J3,K3,L3,M3,N3,O3,P3,Q3)) | R45: =IFERROR(SUM(C45,D45,E45,F45,G45,H45,I45,J45,K45,L45,M45,N45,O45,P45,Q45)/B45*30,0) -> 0 | S45: =IF(COUNTA(T3,U3,V3,W3,X3,Y3,Z3,AA3,AB3,AC3,AD3,AE3,AF3,AG3,AH3)=0,"",COUNTA(T3,U3,V3,W3,X3,Y3,Z3,AA3,AB3,AC3,AD3,AE3,AF3,AG3,AH3)) | AI45: =IFERROR(SUM(T45,U45,V45,W45,X45,Y45,Z45,AA45,AB45,AC45,AD45,AE45,AF45,AG45,AH45)/S45*30,0) -> 0 | AJ45: =IF(COUNTA(AK3,AN3,AQ3,AT3,AW3,AZ3,BC3,BF3,BI3,BL3,BO3,BR3,BU3,BX3,CA3,CD3,CG3,CJ3,CM3,CP3)=0,"",COUNTA(AK3,AN3,AQ3,AT3,AW3,AZ3,BC3,BF3,BI3,BL3,BO3,BR3,BU3,BX3,CA3,CD3,CG3,CJ3,CM3,CP3)) | CS45: =IFERROR(SUM(AK45,AN45,AQ45,AT45,AW45,AZ45,BC45,BF45,BI45,BL45,BO45,BR45,BU45,BX45,CA45,CD45,CG45,CJ45,CM45,CP45)/AJ45*10,0) -> 0 | CT45: =IFERROR(SUM(AL45,AO45,AR45,AU45,AX45,BA45,BD45,BG45,BJ45,BM45,BP45,BS45,BV45,BY45,CB45,CE45,CH45,CK45,CN45,CQ45)/AJ45/5*5,0) -> 0 | CU45: =IFERROR(SUM(AM45,AP45,AS45,AV45,AY45,BB45,BE45,BH45,BK45,BN45,BQ45,BT45,BW45,BZ45,CC45,CF45,CI45,CL45,CO45,CR45)/AJ45*5,0) -> 0 | CV45: =ROUND(SUM(CS45,CT45,CU45),2) -> 0 | CZ45: =ROUND(SUM(R45,AI45,CV45,CW45,CX45,CY45),2) -> 0 | DA45: =ROUND(CZ45/110*100,1) -> 0 | DB45: =IF(CZ45>=90,"A",IF(CZ45>=80,"B",IF(CZ45>=70,"C",IF(CZ45>=60,"D",IF(CZ45>0,"F"," "))))) | DE45: =IF(A45="","",DA45-ROW()/100000000)
B46: =IF(COUNTA(C3,D3,E3,F3,G3,H3,I3,J3,K3,L3,M3,N3,O3,P3,Q3)=0,"",COUNTA(C3,D3,E3,F3,G3,H3,I3,J3,K3,L3,M3,N3,O3,P3,Q3)) | R46: =IFERROR(SUM(C46,D46,E46,F46,G46,H46,I46,J46,K46,L46,M46,N46,O46,P46,Q46)/B46*30,0) -> 0 | S46: =IF(COUNTA(T3,U3,V3,W3,X3,Y3,Z3,AA3,AB3,AC3,AD3,AE3,AF3,AG3,AH3)=0,"",COUNTA(T3,U3,V3,W3,X3,Y3,Z3,AA3,AB3,AC3,AD3,AE3,AF3,AG3,AH3)) | AI46: =IFERROR(SUM(T46,U46,V46,W46,X46,Y46,Z46,AA46,AB46,AC46,AD46,AE46,AF46,AG46,AH46)/S46*30,0) -> 0 | AJ46: =IF(COUNTA(AK3,AN3,AQ3,AT3,AW3,AZ3,BC3,BF3,BI3,BL3,BO3,BR3,BU3,BX3,CA3,CD3,CG3,CJ3,CM3,CP3)=0,"",COUNTA(AK3,AN3,AQ3,AT3,AW3,AZ3,BC3,BF3,BI3,BL3,BO3,BR3,BU3,BX3,CA3,CD3,CG3,CJ3,CM3,CP3)) | CS46: =IFERROR(SUM(AK46,AN46,AQ46,AT46,AW46,AZ46,BC46,BF46,BI46,BL46,BO46,BR46,BU46,BX46,CA46,CD46,CG46,CJ46,CM46,CP46)/AJ46*10,0) -> 0 | CT46: =IFERROR(SUM(AL46,AO46,AR46,AU46,AX46,BA46,BD46,BG46,BJ46,BM46,BP46,BS46,BV46,BY46,CB46,CE46,CH46,CK46,CN46,CQ46)/AJ46/5*5,0) -> 0 | CU46: =IFERROR(SUM(AM46,AP46,AS46,AV46,AY46,BB46,BE46,BH46,BK46,BN46,BQ46,BT46,BW46,BZ46,CC46,CF46,CI46,CL46,CO46,CR46)/AJ46*5,0) -> 0 | CV46: =ROUND(SUM(CS46,CT46,CU46),2) -> 0 | CZ46: =ROUND(SUM(R46,AI46,CV46,CW46,CX46,CY46),2) -> 0 | DA46: =ROUND(CZ46/110*100,1) -> 0 | DB46: =IF(CZ46>=90,"A",IF(CZ46>=80,"B",IF(CZ46>=70,"C",IF(CZ46>=60,"D",IF(CZ46>0,"F"," "))))) | DE46: =IF(A46="","",DA46-ROW()/100000000)
B47: =IF(COUNTA(C3,D3,E3,F3,G3,H3,I3,J3,K3,L3,M3,N3,O3,P3,Q3)=0,"",COUNTA(C3,D3,E3,F3,G3,H3,I3,J3,K3,L3,M3,N3,O3,P3,Q3)) | R47: =IFERROR(SUM(C47,D47,E47,F47,G47,H47,I47,J47,K47,L47,M47,N47,O47,P47,Q47)/B47*30,0) -> 0 | S47: =IF(COUNTA(T3,U3,V3,W3,X3,Y3,Z3,AA3,AB3,AC3,AD3,AE3,AF3,AG3,AH3)=0,"",COUNTA(T3,U3,V3,W3,X3,Y3,Z3,AA3,AB3,AC3,AD3,AE3,AF3,AG3,AH3)) | AI47: =IFERROR(SUM(T47,U47,V47,W47,X47,Y47,Z47,AA47,AB47,AC47,AD47,AE47,AF47,AG47,AH47)/S47*30,0) -> 0 | AJ47: =IF(COUNTA(AK3,AN3,AQ3,AT3,AW3,AZ3,BC3,BF3,BI3,BL3,BO3,BR3,BU3,BX3,CA3,CD3,CG3,CJ3,CM3,CP3)=0,"",COUNTA(AK3,AN3,AQ3,AT3,AW3,AZ3,BC3,BF3,BI3,BL3,BO3,BR3,BU3,BX3,CA3,CD3,CG3,CJ3,CM3,CP3)) | CS47: =IFERROR(SUM(AK47,AN47,AQ47,AT47,AW47,AZ47,BC47,BF47,BI47,BL47,BO47,BR47,BU47,BX47,CA47,CD47,CG47,CJ47,CM47,CP47)/AJ47*10,0) -> 0 | CT47: =IFERROR(SUM(AL47,AO47,AR47,AU47,AX47,BA47,BD47,BG47,BJ47,BM47,BP47,BS47,BV47,BY47,CB47,CE47,CH47,CK47,CN47,CQ47)/AJ47/5*5,0) -> 0 | CU47: =IFERROR(SUM(AM47,AP47,AS47,AV47,AY47,BB47,BE47,BH47,BK47,BN47,BQ47,BT47,BW47,BZ47,CC47,CF47,CI47,CL47,CO47,CR47)/AJ47*5,0) -> 0 | CV47: =ROUND(SUM(CS47,CT47,CU47),2) -> 0 | CZ47: =ROUND(SUM(R47,AI47,CV47,CW47,CX47,CY47),2) -> 0 | DA47: =ROUND(CZ47/110*100,1) -> 0 | DB47: =IF(CZ47>=90,"A",IF(CZ47>=80,"B",IF(CZ47>=70,"C",IF(CZ47>=60,"D",IF(CZ47>0,"F"," "))))) | DE47: =IF(A47="","",DA47-ROW()/100000000)
B48: =IF(COUNTA(C3,D3,E3,F3,G3,H3,I3,J3,K3,L3,M3,N3,O3,P3,Q3)=0,"",COUNTA(C3,D3,E3,F3,G3,H3,I3,J3,K3,L3,M3,N3,O3,P3,Q3)) | R48: =IFERROR(SUM(C48,D48,E48,F48,G48,H48,I48,J48,K48,L48,M48,N48,O48,P48,Q48)/B48*30,0) -> 0 | S48: =IF(COUNTA(T3,U3,V3,W3,X3,Y3,Z3,AA3,AB3,AC3,AD3,AE3,AF3,AG3,AH3)=0,"",COUNTA(T3,U3,V3,W3,X3,Y3,Z3,AA3,AB3,AC3,AD3,AE3,AF3,AG3,AH3)) | AI48: =IFERROR(SUM(T48,U48,V48,W48,X48,Y48,Z48,AA48,AB48,AC48,AD48,AE48,AF48,AG48,AH48)/S48*30,0) -> 0 | AJ48: =IF(COUNTA(AK3,AN3,AQ3,AT3,AW3,AZ3,BC3,BF3,BI3,BL3,BO3,BR3,BU3,BX3,CA3,CD3,CG3,CJ3,CM3,CP3)=0,"",COUNTA(AK3,AN3,AQ3,AT3,AW3,AZ3,BC3,BF3,BI3,BL3,BO3,BR3,BU3,BX3,CA3,CD3,CG3,CJ3,CM3,CP3)) | CS48: =IFERROR(SUM(AK48,AN48,AQ48,AT48,AW48,AZ48,BC48,BF48,BI48,BL48,BO48,BR48,BU48,BX48,CA48,CD48,CG48,CJ48,CM48,CP48)/AJ48*10,0) -> 0 | CT48: =IFERROR(SUM(AL48,AO48,AR48,AU48,AX48,BA48,BD48,BG48,BJ48,BM48,BP48,BS48,BV48,BY48,CB48,CE48,CH48,CK48,CN48,CQ48)/AJ48/5*5,0) -> 0 | CU48: =IFERROR(SUM(AM48,AP48,AS48,AV48,AY48,BB48,BE48,BH48,BK48,BN48,BQ48,BT48,BW48,BZ48,CC48,CF48,CI48,CL48,CO48,CR48)/AJ48*5,0) -> 0 | CV48: =ROUND(SUM(CS48,CT48,CU48),2) -> 0 | CZ48: =ROUND(SUM(R48,AI48,CV48,CW48,CX48,CY48),2) -> 0 | DA48: =ROUND(CZ48/110*100,1) -> 0 | DB48: =IF(CZ48>=90,"A",IF(CZ48>=80,"B",IF(CZ48>=70,"C",IF(CZ48>=60,"D",IF(CZ48>0,"F"," "))))) | DE48: =IF(A48="","",DA48-ROW()/100000000)
B49: =IF(COUNTA(C3,D3,E3,F3,G3,H3,I3,J3,K3,L3,M3,N3,O3,P3,Q3)=0,"",COUNTA(C3,D3,E3,F3,G3,H3,I3,J3,K3,L3,M3,N3,O3,P3,Q3)) | R49: =IFERROR(SUM(C49,D49,E49,F49,G49,H49,I49,J49,K49,L49,M49,N49,O49,P49,Q49)/B49*30,0) -> 0 | S49: =IF(COUNTA(T3,U3,V3,W3,X3,Y3,Z3,AA3,AB3,AC3,AD3,AE3,AF3,AG3,AH3)=0,"",COUNTA(T3,U3,V3,W3,X3,Y3,Z3,AA3,AB3,AC3,AD3,AE3,AF3,AG3,AH3)) | AI49: =IFERROR(SUM(T49,U49,V49,W49,X49,Y49,Z49,AA49,AB49,AC49,AD49,AE49,AF49,AG49,AH49)/S49*30,0) -> 0 | AJ49: =IF(COUNTA(AK3,AN3,AQ3,AT3,AW3,AZ3,BC3,BF3,BI3,BL3,BO3,BR3,BU3,BX3,CA3,CD3,CG3,CJ3,CM3,CP3)=0,"",COUNTA(AK3,AN3,AQ3,AT3,AW3,AZ3,BC3,BF3,BI3,BL3,BO3,BR3,BU3,BX3,CA3,CD3,CG3,CJ3,CM3,CP3)) | CS49: =IFERROR(SUM(AK49,AN49,AQ49,AT49,AW49,AZ49,BC49,BF49,BI49,BL49,BO49,BR49,BU49,BX49,CA49,CD49,CG49,CJ49,CM49,CP49)/AJ49*10,0) -> 0 | CT49: =IFERROR(SUM(AL49,AO49,AR49,AU49,AX49,BA49,BD49,BG49,BJ49,BM49,BP49,BS49,BV49,BY49,CB49,CE49,CH49,CK49,CN49,CQ49)/AJ49/5*5,0) -> 0 | CU49: =IFERROR(SUM(AM49,AP49,AS49,AV49,AY49,BB49,BE49,BH49,BK49,BN49,BQ49,BT49,BW49,BZ49,CC49,CF49,CI49,CL49,CO49,CR49)/AJ49*5,0) -> 0 | CV49: =ROUND(SUM(CS49,CT49,CU49),2) -> 0 | CZ49: =ROUND(SUM(R49,AI49,CV49,CW49,CX49,CY49),2) -> 0 | DA49: =ROUND(CZ49/110*100,1) -> 0 | DB49: =IF(CZ49>=90,"A",IF(CZ49>=80,"B",IF(CZ49>=70,"C",IF(CZ49>=60,"D",IF(CZ49>0,"F"," "))))) | DE49: =IF(A49="","",DA49-ROW()/100000000)
B50: =IF(COUNTA(C3,D3,E3,F3,G3,H3,I3,J3,K3,L3,M3,N3,O3,P3,Q3)=0,"",COUNTA(C3,D3,E3,F3,G3,H3,I3,J3,K3,L3,M3,N3,O3,P3,Q3)) | R50: =IFERROR(SUM(C50,D50,E50,F50,G50,H50,I50,J50,K50,L50,M50,N50,O50,P50,Q50)/B50*30,0) -> 0 | S50: =IF(COUNTA(T3,U3,V3,W3,X3,Y3,Z3,AA3,AB3,AC3,AD3,AE3,AF3,AG3,AH3)=0,"",COUNTA(T3,U3,V3,W3,X3,Y3,Z3,AA3,AB3,AC3,AD3,AE3,AF3,AG3,AH3)) | AI50: =IFERROR(SUM(T50,U50,V50,W50,X50,Y50,Z50,AA50,AB50,AC50,AD50,AE50,AF50,AG50,AH50)/S50*30,0) -> 0 | AJ50: =IF(COUNTA(AK3,AN3,AQ3,AT3,AW3,AZ3,BC3,BF3,BI3,BL3,BO3,BR3,BU3,BX3,CA3,CD3,CG3,CJ3,CM3,CP3)=0,"",COUNTA(AK3,AN3,AQ3,AT3,AW3,AZ3,BC3,BF3,BI3,BL3,BO3,BR3,BU3,BX3,CA3,CD3,CG3,CJ3,CM3,CP3)) | CS50: =IFERROR(SUM(AK50,AN50,AQ50,AT50,AW50,AZ50,BC50,BF50,BI50,BL50,BO50,BR50,BU50,BX50,CA50,CD50,CG50,CJ50,CM50,CP50)/AJ50*10,0) -> 0 | CT50: =IFERROR(SUM(AL50,AO50,AR50,AU50,AX50,BA50,BD50,BG50,BJ50,BM50,BP50,BS50,BV50,BY50,CB50,CE50,CH50,CK50,CN50,CQ50)/AJ50/5*5,0) -> 0 | CU50: =IFERROR(SUM(AM50,AP50,AS50,AV50,AY50,BB50,BE50,BH50,BK50,BN50,BQ50,BT50,BW50,BZ50,CC50,CF50,CI50,CL50,CO50,CR50)/AJ50*5,0) -> 0 | CV50: =ROUND(SUM(CS50,CT50,CU50),2) -> 0 | CZ50: =ROUND(SUM(R50,AI50,CV50,CW50,CX50,CY50),2) -> 0 | DA50: =ROUND(CZ50/110*100,1) -> 0 | DB50: =IF(CZ50>=90,"A",IF(CZ50>=80,"B",IF(CZ50>=70,"C",IF(CZ50>=60,"D",IF(CZ50>0,"F"," "))))) | DE50: =IF(A50="","",DA50-ROW()/100000000)
B51: =IF(COUNTA(C3,D3,E3,F3,G3,H3,I3,J3,K3,L3,M3,N3,O3,P3,Q3)=0,"",COUNTA(C3,D3,E3,F3,G3,H3,I3,J3,K3,L3,M3,N3,O3,P3,Q3)) | R51: =IFERROR(SUM(C51,D51,E51,F51,G51,H51,I51,J51,K51,L51,M51,N51,O51,P51,Q51)/B51*30,0) -> 0 | S51: =IF(COUNTA(T3,U3,V3,W3,X3,Y3,Z3,AA3,AB3,AC3,AD3,AE3,AF3,AG3,AH3)=0,"",COUNTA(T3,U3,V3,W3,X3,Y3,Z3,AA3,AB3,AC3,AD3,AE3,AF3,AG3,AH3)) | AI51: =IFERROR(SUM(T51,U51,V51,W51,X51,Y51,Z51,AA51,AB51,AC51,AD51,AE51,AF51,AG51,AH51)/S51*30,0) -> 0 | AJ51: =IF(COUNTA(AK3,AN3,AQ3,AT3,AW3,AZ3,BC3,BF3,BI3,BL3,BO3,BR3,BU3,BX3,CA3,CD3,CG3,CJ3,CM3,CP3)=0,"",COUNTA(AK3,AN3,AQ3,AT3,AW3,AZ3,BC3,BF3,BI3,BL3,BO3,BR3,BU3,BX3,CA3,CD3,CG3,CJ3,CM3,CP3)) | CS51: =IFERROR(SUM(AK51,AN51,AQ51,AT51,AW51,AZ51,BC51,BF51,BI51,BL51,BO51,BR51,BU51,BX51,CA51,CD51,CG51,CJ51,CM51,CP51)/AJ51*10,0) -> 0 | CT51: =IFERROR(SUM(AL51,AO51,AR51,AU51,AX51,BA51,BD51,BG51,BJ51,BM51,BP51,BS51,BV51,BY51,CB51,CE51,CH51,CK51,CN51,CQ51)/AJ51/5*5,0) -> 0 | CU51: =IFERROR(SUM(AM51,AP51,AS51,AV51,AY51,BB51,BE51,BH51,BK51,BN51,BQ51,BT51,BW51,BZ51,CC51,CF51,CI51,CL51,CO51,CR51)/AJ51*5,0) -> 0 | CV51: =ROUND(SUM(CS51,CT51,CU51),2) -> 0 | CZ51: =ROUND(SUM(R51,AI51,CV51,CW51,CX51,CY51),2) -> 0 | DA51: =ROUND(CZ51/110*100,1) -> 0 | DB51: =IF(CZ51>=90,"A",IF(CZ51>=80,"B",IF(CZ51>=70,"C",IF(CZ51>=60,"D",IF(CZ51>0,"F"," "))))) | DE51: =IF(A51="","",DA51-ROW()/100000000)
B52: =IF(COUNTA(C3,D3,E3,F3,G3,H3,I3,J3,K3,L3,M3,N3,O3,P3,Q3)=0,"",COUNTA(C3,D3,E3,F3,G3,H3,I3,J3,K3,L3,M3,N3,O3,P3,Q3)) | R52: =IFERROR(SUM(C52,D52,E52,F52,G52,H52,I52,J52,K52,L52,M52,N52,O52,P52,Q52)/B52*30,0) -> 0 | S52: =IF(COUNTA(T3,U3,V3,W3,X3,Y3,Z3,AA3,AB3,AC3,AD3,AE3,AF3,AG3,AH3)=0,"",COUNTA(T3,U3,V3,W3,X3,Y3,Z3,AA3,AB3,AC3,AD3,AE3,AF3,AG3,AH3)) | AI52: =IFERROR(SUM(T52,U52,V52,W52,X52,Y52,Z52,AA52,AB52,AC52,AD52,AE52,AF52,AG52,AH52)/S52*30,0) -> 0 | AJ52: =IF(COUNTA(AK3,AN3,AQ3,AT3,AW3,AZ3,BC3,BF3,BI3,BL3,BO3,BR3,BU3,BX3,CA3,CD3,CG3,CJ3,CM3,CP3)=0,"",COUNTA(AK3,AN3,AQ3,AT3,AW3,AZ3,BC3,BF3,BI3,BL3,BO3,BR3,BU3,BX3,CA3,CD3,CG3,CJ3,CM3,CP3)) | CS52: =IFERROR(SUM(AK52,AN52,AQ52,AT52,AW52,AZ52,BC52,BF52,BI52,BL52,BO52,BR52,BU52,BX52,CA52,CD52,CG52,CJ52,CM52,CP52)/AJ52*10,0) -> 0 | CT52: =IFERROR(SUM(AL52,AO52,AR52,AU52,AX52,BA52,BD52,BG52,BJ52,BM52,BP52,BS52,BV52,BY52,CB52,CE52,CH52,CK52,CN52,CQ52)/AJ52/5*5,0) -> 0 | CU52: =IFERROR(SUM(AM52,AP52,AS52,AV52,AY52,BB52,BE52,BH52,BK52,BN52,BQ52,BT52,BW52,BZ52,CC52,CF52,CI52,CL52,CO52,CR52)/AJ52*5,0) -> 0 | CV52: =ROUND(SUM(CS52,CT52,CU52),2) -> 0 | CZ52: =ROUND(SUM(R52,AI52,CV52,CW52,CX52,CY52),2) -> 0 | DA52: =ROUND(CZ52/110*100,1) -> 0 | DB52: =IF(CZ52>=90,"A",IF(CZ52>=80,"B",IF(CZ52>=70,"C",IF(CZ52>=60,"D",IF(CZ52>0,"F"," "))))) | DE52: =IF(A52="","",DA52-ROW()/100000000)
B53: =IF(COUNTA(C3,D3,E3,F3,G3,H3,I3,J3,K3,L3,M3,N3,O3,P3,Q3)=0,"",COUNTA(C3,D3,E3,F3,G3,H3,I3,J3,K3,L3,M3,N3,O3,P3,Q3)) | R53: =IFERROR(SUM(C53,D53,E53,F53,G53,H53,I53,J53,K53,L53,M53,N53,O53,P53,Q53)/B53*30,0) -> 0 | S53: =IF(COUNTA(T3,U3,V3,W3,X3,Y3,Z3,AA3,AB3,AC3,AD3,AE3,AF3,AG3,AH3)=0,"",COUNTA(T3,U3,V3,W3,X3,Y3,Z3,AA3,AB3,AC3,AD3,AE3,AF3,AG3,AH3)) | AI53: =IFERROR(SUM(T53,U53,V53,W53,X53,Y53,Z53,AA53,AB53,AC53,AD53,AE53,AF53,AG53,AH53)/S53*30,0) -> 0 | AJ53: =IF(COUNTA(AK3,AN3,AQ3,AT3,AW3,AZ3,BC3,BF3,BI3,BL3,BO3,BR3,BU3,BX3,CA3,CD3,CG3,CJ3,CM3,CP3)=0,"",COUNTA(AK3,AN3,AQ3,AT3,AW3,AZ3,BC3,BF3,BI3,BL3,BO3,BR3,BU3,BX3,CA3,CD3,CG3,CJ3,CM3,CP3)) | CS53: =IFERROR(SUM(AK53,AN53,AQ53,AT53,AW53,AZ53,BC53,BF53,BI53,BL53,BO53,BR53,BU53,BX53,CA53,CD53,CG53,CJ53,CM53,CP53)/AJ53*10,0) -> 0 | CT53: =IFERROR(SUM(AL53,AO53,AR53,AU53,AX53,BA53,BD53,BG53,BJ53,BM53,BP53,BS53,BV53,BY53,CB53,CE53,CH53,CK53,CN53,CQ53)/AJ53/5*5,0) -> 0 | CU53: =IFERROR(SUM(AM53,AP53,AS53,AV53,AY53,BB53,BE53,BH53,BK53,BN53,BQ53,BT53,BW53,BZ53,CC53,CF53,CI53,CL53,CO53,CR53)/AJ53*5,0) -> 0 | CV53: =ROUND(SUM(CS53,CT53,CU53),2) -> 0 | CZ53: =ROUND(SUM(R53,AI53,CV53,CW53,CX53,CY53),2) -> 0 | DA53: =ROUND(CZ53/110*100,1) -> 0 | DB53: =IF(CZ53>=90,"A",IF(CZ53>=80,"B",IF(CZ53>=70,"C",IF(CZ53>=60,"D",IF(CZ53>0,"F"," "))))) | DE53: =IF(A53="","",DA53-ROW()/100000000)
B54: =IF(COUNTA(C3,D3,E3,F3,G3,H3,I3,J3,K3,L3,M3,N3,O3,P3,Q3)=0,"",COUNTA(C3,D3,E3,F3,G3,H3,I3,J3,K3,L3,M3,N3,O3,P3,Q3)) | R54: =IFERROR(SUM(C54,D54,E54,F54,G54,H54,I54,J54,K54,L54,M54,N54,O54,P54,Q54)/B54*30,0) -> 0 | S54: =IF(COUNTA(T3,U3,V3,W3,X3,Y3,Z3,AA3,AB3,AC3,AD3,AE3,AF3,AG3,AH3)=0,"",COUNTA(T3,U3,V3,W3,X3,Y3,Z3,AA3,AB3,AC3,AD3,AE3,AF3,AG3,AH3)) | AI54: =IFERROR(SUM(T54,U54,V54,W54,X54,Y54,Z54,AA54,AB54,AC54,AD54,AE54,AF54,AG54,AH54)/S54*30,0) -> 0 | AJ54: =IF(COUNTA(AK3,AN3,AQ3,AT3,AW3,AZ3,BC3,BF3,BI3,BL3,BO3,BR3,BU3,BX3,CA3,CD3,CG3,CJ3,CM3,CP3)=0,"",COUNTA(AK3,AN3,AQ3,AT3,AW3,AZ3,BC3,BF3,BI3,BL3,BO3,BR3,BU3,BX3,CA3,CD3,CG3,CJ3,CM3,CP3)) | CS54: =IFERROR(SUM(AK54,AN54,AQ54,AT54,AW54,AZ54,BC54,BF54,BI54,BL54,BO54,BR54,BU54,BX54,CA54,CD54,CG54,CJ54,CM54,CP54)/AJ54*10,0) -> 0 | CT54: =IFERROR(SUM(AL54,AO54,AR54,AU54,AX54,BA54,BD54,BG54,BJ54,BM54,BP54,BS54,BV54,BY54,CB54,CE54,CH54,CK54,CN54,CQ54)/AJ54/5*5,0) -> 0 | CU54: =IFERROR(SUM(AM54,AP54,AS54,AV54,AY54,BB54,BE54,BH54,BK54,BN54,BQ54,BT54,BW54,BZ54,CC54,CF54,CI54,CL54,CO54,CR54)/AJ54*5,0) -> 0 | CV54: =ROUND(SUM(CS54,CT54,CU54),2) -> 0 | CZ54: =ROUND(SUM(R54,AI54,CV54,CW54,CX54,CY54),2) -> 0 | DA54: =ROUND(CZ54/110*100,1) -> 0 | DB54: =IF(CZ54>=90,"A",IF(CZ54>=80,"B",IF(CZ54>=70,"C",IF(CZ54>=60,"D",IF(CZ54>0,"F"," "))))) | DE54: =IF(A54="","",DA54-ROW()/100000000)
B55: =IF(COUNTA(C3,D3,E3,F3,G3,H3,I3,J3,K3,L3,M3,N3,O3,P3,Q3)=0,"",COUNTA(C3,D3,E3,F3,G3,H3,I3,J3,K3,L3,M3,N3,O3,P3,Q3)) | R55: =IFERROR(SUM(C55,D55,E55,F55,G55,H55,I55,J55,K55,L55,M55,N55,O55,P55,Q55)/B55*30,0) -> 0 | S55: =IF(COUNTA(T3,U3,V3,W3,X3,Y3,Z3,AA3,AB3,AC3,AD3,AE3,AF3,AG3,AH3)=0,"",COUNTA(T3,U3,V3,W3,X3,Y3,Z3,AA3,AB3,AC3,AD3,AE3,AF3,AG3,AH3)) | AI55: =IFERROR(SUM(T55,U55,V55,W55,X55,Y55,Z55,AA55,AB55,AC55,AD55,AE55,AF55,AG55,AH55)/S55*30,0) -> 0 | AJ55: =IF(COUNTA(AK3,AN3,AQ3,AT3,AW3,AZ3,BC3,BF3,BI3,BL3,BO3,BR3,BU3,BX3,CA3,CD3,CG3,CJ3,CM3,CP3)=0,"",COUNTA(AK3,AN3,AQ3,AT3,AW3,AZ3,BC3,BF3,BI3,BL3,BO3,BR3,BU3,BX3,CA3,CD3,CG3,CJ3,CM3,CP3)) | CS55: =IFERROR(SUM(AK55,AN55,AQ55,AT55,AW55,AZ55,BC55,BF55,BI55,BL55,BO55,BR55,BU55,BX55,CA55,CD55,CG55,CJ55,CM55,CP55)/AJ55*10,0) -> 0 | CT55: =IFERROR(SUM(AL55,AO55,AR55,AU55,AX55,BA55,BD55,BG55,BJ55,BM55,BP55,BS55,BV55,BY55,CB55,CE55,CH55,CK55,CN55,CQ55)/AJ55/5*5,0) -> 0 | CU55: =IFERROR(SUM(AM55,AP55,AS55,AV55,AY55,BB55,BE55,BH55,BK55,BN55,BQ55,BT55,BW55,BZ55,CC55,CF55,CI55,CL55,CO55,CR55)/AJ55*5,0) -> 0 | CV55: =ROUND(SUM(CS55,CT55,CU55),2) -> 0 | CZ55: =ROUND(SUM(R55,AI55,CV55,CW55,CX55,CY55),2) -> 0 | DA55: =ROUND(CZ55/110*100,1) -> 0 | DB55: =IF(CZ55>=90,"A",IF(CZ55>=80,"B",IF(CZ55>=70,"C",IF(CZ55>=60,"D",IF(CZ55>0,"F"," "))))) | DE55: =IF(A55="","",DA55-ROW()/100000000)
B56: =IF(COUNTA(C3,D3,E3,F3,G3,H3,I3,J3,K3,L3,M3,N3,O3,P3,Q3)=0,"",COUNTA(C3,D3,E3,F3,G3,H3,I3,J3,K3,L3,M3,N3,O3,P3,Q3)) | R56: =IFERROR(SUM(C56,D56,E56,F56,G56,H56,I56,J56,K56,L56,M56,N56,O56,P56,Q56)/B56*30,0) -> 0 | S56: =IF(COUNTA(T3,U3,V3,W3,X3,Y3,Z3,AA3,AB3,AC3,AD3,AE3,AF3,AG3,AH3)=0,"",COUNTA(T3,U3,V3,W3,X3,Y3,Z3,AA3,AB3,AC3,AD3,AE3,AF3,AG3,AH3)) | AI56: =IFERROR(SUM(T56,U56,V56,W56,X56,Y56,Z56,AA56,AB56,AC56,AD56,AE56,AF56,AG56,AH56)/S56*30,0) -> 0 | AJ56: =IF(COUNTA(AK3,AN3,AQ3,AT3,AW3,AZ3,BC3,BF3,BI3,BL3,BO3,BR3,BU3,BX3,CA3,CD3,CG3,CJ3,CM3,CP3)=0,"",COUNTA(AK3,AN3,AQ3,AT3,AW3,AZ3,BC3,BF3,BI3,BL3,BO3,BR3,BU3,BX3,CA3,CD3,CG3,CJ3,CM3,CP3)) | CS56: =IFERROR(SUM(AK56,AN56,AQ56,AT56,AW56,AZ56,BC56,BF56,BI56,BL56,BO56,BR56,BU56,BX56,CA56,CD56,CG56,CJ56,CM56,CP56)/AJ56*10,0) -> 0 | CT56: =IFERROR(SUM(AL56,AO56,AR56,AU56,AX56,BA56,BD56,BG56,BJ56,BM56,BP56,BS56,BV56,BY56,CB56,CE56,CH56,CK56,CN56,CQ56)/AJ56/5*5,0) -> 0 | CU56: =IFERROR(SUM(AM56,AP56,AS56,AV56,AY56,BB56,BE56,BH56,BK56,BN56,BQ56,BT56,BW56,BZ56,CC56,CF56,CI56,CL56,CO56,CR56)/AJ56*5,0) -> 0 | CV56: =ROUND(SUM(CS56,CT56,CU56),2) -> 0 | CZ56: =ROUND(SUM(R56,AI56,CV56,CW56,CX56,CY56),2) -> 0 | DA56: =ROUND(CZ56/110*100,1) -> 0 | DB56: =IF(CZ56>=90,"A",IF(CZ56>=80,"B",IF(CZ56>=70,"C",IF(CZ56>=60,"D",IF(CZ56>0,"F"," "))))) | DE56: =IF(A56="","",DA56-ROW()/100000000)
B57: =IF(COUNTA(C3,D3,E3,F3,G3,H3,I3,J3,K3,L3,M3,N3,O3,P3,Q3)=0,"",COUNTA(C3,D3,E3,F3,G3,H3,I3,J3,K3,L3,M3,N3,O3,P3,Q3)) | R57: =IFERROR(SUM(C57,D57,E57,F57,G57,H57,I57,J57,K57,L57,M57,N57,O57,P57,Q57)/B57*30,0) -> 0 | S57: =IF(COUNTA(T3,U3,V3,W3,X3,Y3,Z3,AA3,AB3,AC3,AD3,AE3,AF3,AG3,AH3)=0,"",COUNTA(T3,U3,V3,W3,X3,Y3,Z3,AA3,AB3,AC3,AD3,AE3,AF3,AG3,AH3)) | AI57: =IFERROR(SUM(T57,U57,V57,W57,X57,Y57,Z57,AA57,AB57,AC57,AD57,AE57,AF57,AG57,AH57)/S57*30,0) -> 0 | AJ57: =IF(COUNTA(AK3,AN3,AQ3,AT3,AW3,AZ3,BC3,BF3,BI3,BL3,BO3,BR3,BU3,BX3,CA3,CD3,CG3,CJ3,CM3,CP3)=0,"",COUNTA(AK3,AN3,AQ3,AT3,AW3,AZ3,BC3,BF3,BI3,BL3,BO3,BR3,BU3,BX3,CA3,CD3,CG3,CJ3,CM3,CP3)) | CS57: =IFERROR(SUM(AK57,AN57,AQ57,AT57,AW57,AZ57,BC57,BF57,BI57,BL57,BO57,BR57,BU57,BX57,CA57,CD57,CG57,CJ57,CM57,CP57)/AJ57*10,0) -> 0 | CT57: =IFERROR(SUM(AL57,AO57,AR57,AU57,AX57,BA57,BD57,BG57,BJ57,BM57,BP57,BS57,BV57,BY57,CB57,CE57,CH57,CK57,CN57,CQ57)/AJ57/5*5,0) -> 0 | CU57: =IFERROR(SUM(AM57,AP57,AS57,AV57,AY57,BB57,BE57,BH57,BK57,BN57,BQ57,BT57,BW57,BZ57,CC57,CF57,CI57,CL57,CO57,CR57)/AJ57*5,0) -> 0 | CV57: =ROUND(SUM(CS57,CT57,CU57),2) -> 0 | CZ57: =ROUND(SUM(R57,AI57,CV57,CW57,CX57,CY57),2) -> 0 | DA57: =ROUND(CZ57/110*100,1) -> 0 | DB57: =IF(CZ57>=90,"A",IF(CZ57>=80,"B",IF(CZ57>=70,"C",IF(CZ57>=60,"D",IF(CZ57>0,"F"," "))))) | DE57: =IF(A57="","",DA57-ROW()/100000000)
B58: =IF(COUNTA(C3,D3,E3,F3,G3,H3,I3,J3,K3,L3,M3,N3,O3,P3,Q3)=0,"",COUNTA(C3,D3,E3,F3,G3,H3,I3,J3,K3,L3,M3,N3,O3,P3,Q3)) | R58: =IFERROR(SUM(C58,D58,E58,F58,G58,H58,I58,J58,K58,L58,M58,N58,O58,P58,Q58)/B58*30,0) -> 0 | S58: =IF(COUNTA(T3,U3,V3,W3,X3,Y3,Z3,AA3,AB3,AC3,AD3,AE3,AF3,AG3,AH3)=0,"",COUNTA(T3,U3,V3,W3,X3,Y3,Z3,AA3,AB3,AC3,AD3,AE3,AF3,AG3,AH3)) | AI58: =IFERROR(SUM(T58,U58,V58,W58,X58,Y58,Z58,AA58,AB58,AC58,AD58,AE58,AF58,AG58,AH58)/S58*30,0) -> 0 | AJ58: =IF(COUNTA(AK3,AN3,AQ3,AT3,AW3,AZ3,BC3,BF3,BI3,BL3,BO3,BR3,BU3,BX3,CA3,CD3,CG3,CJ3,CM3,CP3)=0,"",COUNTA(AK3,AN3,AQ3,AT3,AW3,AZ3,BC3,BF3,BI3,BL3,BO3,BR3,BU3,BX3,CA3,CD3,CG3,CJ3,CM3,CP3)) | CS58: =IFERROR(SUM(AK58,AN58,AQ58,AT58,AW58,AZ58,BC58,BF58,BI58,BL58,BO58,BR58,BU58,BX58,CA58,CD58,CG58,CJ58,CM58,CP58)/AJ58*10,0) -> 0 | CT58: =IFERROR(SUM(AL58,AO58,AR58,AU58,AX58,BA58,BD58,BG58,BJ58,BM58,BP58,BS58,BV58,BY58,CB58,CE58,CH58,CK58,CN58,CQ58)/AJ58/5*5,0) -> 0 | CU58: =IFERROR(SUM(AM58,AP58,AS58,AV58,AY58,BB58,BE58,BH58,BK58,BN58,BQ58,BT58,BW58,BZ58,CC58,CF58,CI58,CL58,CO58,CR58)/AJ58*5,0) -> 0 | CV58: =ROUND(SUM(CS58,CT58,CU58),2) -> 0 | CZ58: =ROUND(SUM(R58,AI58,CV58,CW58,CX58,CY58),2) -> 0 | DA58: =ROUND(CZ58/110*100,1) -> 0 | DB58: =IF(CZ58>=90,"A",IF(CZ58>=80,"B",IF(CZ58>=70,"C",IF(CZ58>=60,"D",IF(CZ58>0,"F"," "))))) | DE58: =IF(A58="","",DA58-ROW()/100000000)
B59: =IF(COUNTA(C3,D3,E3,F3,G3,H3,I3,J3,K3,L3,M3,N3,O3,P3,Q3)=0,"",COUNTA(C3,D3,E3,F3,G3,H3,I3,J3,K3,L3,M3,N3,O3,P3,Q3)) | R59: =IFERROR(SUM(C59,D59,E59,F59,G59,H59,I59,J59,K59,L59,M59,N59,O59,P59,Q59)/B59*30,0) -> 0 | S59: =IF(COUNTA(T3,U3,V3,W3,X3,Y3,Z3,AA3,AB3,AC3,AD3,AE3,AF3,AG3,AH3)=0,"",COUNTA(T3,U3,V3,W3,X3,Y3,Z3,AA3,AB3,AC3,AD3,AE3,AF3,AG3,AH3)) | AI59: =IFERROR(SUM(T59,U59,V59,W59,X59,Y59,Z59,AA59,AB59,AC59,AD59,AE59,AF59,AG59,AH59)/S59*30,0) -> 0 | AJ59: =IF(COUNTA(AK3,AN3,AQ3,AT3,AW3,AZ3,BC3,BF3,BI3,BL3,BO3,BR3,BU3,BX3,CA3,CD3,CG3,CJ3,CM3,CP3)=0,"",COUNTA(AK3,AN3,AQ3,AT3,AW3,AZ3,BC3,BF3,BI3,BL3,BO3,BR3,BU3,BX3,CA3,CD3,CG3,CJ3,CM3,CP3)) | CS59: =IFERROR(SUM(AK59,AN59,AQ59,AT59,AW59,AZ59,BC59,BF59,BI59,BL59,BO59,BR59,BU59,BX59,CA59,CD59,CG59,CJ59,CM59,CP59)/AJ59*10,0) -> 0 | CT59: =IFERROR(SUM(AL59,AO59,AR59,AU59,AX59,BA59,BD59,BG59,BJ59,BM59,BP59,BS59,BV59,BY59,CB59,CE59,CH59,CK59,CN59,CQ59)/AJ59/5*5,0) -> 0 | CU59: =IFERROR(SUM(AM59,AP59,AS59,AV59,AY59,BB59,BE59,BH59,BK59,BN59,BQ59,BT59,BW59,BZ59,CC59,CF59,CI59,CL59,CO59,CR59)/AJ59*5,0) -> 0 | CV59: =ROUND(SUM(CS59,CT59,CU59),2) -> 0 | CZ59: =ROUND(SUM(R59,AI59,CV59,CW59,CX59,CY59),2) -> 0 | DA59: =ROUND(CZ59/110*100,1) -> 0 | DB59: =IF(CZ59>=90,"A",IF(CZ59>=80,"B",IF(CZ59>=70,"C",IF(CZ59>=60,"D",IF(CZ59>0,"F"," "))))) | DE59: =IF(A59="","",DA59-ROW()/100000000)
B60: =IF(COUNTA(C3,D3,E3,F3,G3,H3,I3,J3,K3,L3,M3,N3,O3,P3,Q3)=0,"",COUNTA(C3,D3,E3,F3,G3,H3,I3,J3,K3,L3,M3,N3,O3,P3,Q3)) | R60: =IFERROR(SUM(C60,D60,E60,F60,G60,H60,I60,J60,K60,L60,M60,N60,O60,P60,Q60)/B60*30,0) -> 0 | S60: =IF(COUNTA(T3,U3,V3,W3,X3,Y3,Z3,AA3,AB3,AC3,AD3,AE3,AF3,AG3,AH3)=0,"",COUNTA(T3,U3,V3,W3,X3,Y3,Z3,AA3,AB3,AC3,AD3,AE3,AF3,AG3,AH3)) | AI60: =IFERROR(SUM(T60,U60,V60,W60,X60,Y60,Z60,AA60,AB60,AC60,AD60,AE60,AF60,AG60,AH60)/S60*30,0) -> 0 | AJ60: =IF(COUNTA(AK3,AN3,AQ3,AT3,AW3,AZ3,BC3,BF3,BI3,BL3,BO3,BR3,BU3,BX3,CA3,CD3,CG3,CJ3,CM3,CP3)=0,"",COUNTA(AK3,AN3,AQ3,AT3,AW3,AZ3,BC3,BF3,BI3,BL3,BO3,BR3,BU3,BX3,CA3,CD3,CG3,CJ3,CM3,CP3)) | CS60: =IFERROR(SUM(AK60,AN60,AQ60,AT60,AW60,AZ60,BC60,BF60,BI60,BL60,BO60,BR60,BU60,BX60,CA60,CD60,CG60,CJ60,CM60,CP60)/AJ60*10,0) -> 0 | CT60: =IFERROR(SUM(AL60,AO60,AR60,AU60,AX60,BA60,BD60,BG60,BJ60,BM60,BP60,BS60,BV60,BY60,CB60,CE60,CH60,CK60,CN60,CQ60)/AJ60/5*5,0) -> 0 | CU60: =IFERROR(SUM(AM60,AP60,AS60,AV60,AY60,BB60,BE60,BH60,BK60,BN60,BQ60,BT60,BW60,BZ60,CC60,CF60,CI60,CL60,CO60,CR60)/AJ60*5,0) -> 0 | CV60: =ROUND(SUM(CS60,CT60,CU60),2) -> 0 | CZ60: =ROUND(SUM(R60,AI60,CV60,CW60,CX60,CY60),2) -> 0 | DA60: =ROUND(CZ60/110*100,1) -> 0 | DB60: =IF(CZ60>=90,"A",IF(CZ60>=80,"B",IF(CZ60>=70,"C",IF(CZ60>=60,"D",IF(CZ60>0,"F"," "))))) | DE60: =IF(A60="","",DA60-ROW()/100000000)
B61: =IF(COUNTA(C3,D3,E3,F3,G3,H3,I3,J3,K3,L3,M3,N3,O3,P3,Q3)=0,"",COUNTA(C3,D3,E3,F3,G3,H3,I3,J3,K3,L3,M3,N3,O3,P3,Q3)) | R61: =IFERROR(SUM(C61,D61,E61,F61,G61,H61,I61,J61,K61,L61,M61,N61,O61,P61,Q61)/B61*30,0) -> 0 | S61: =IF(COUNTA(T3,U3,V3,W3,X3,Y3,Z3,AA3,AB3,AC3,AD3,AE3,AF3,AG3,AH3)=0,"",COUNTA(T3,U3,V3,W3,X3,Y3,Z3,AA3,AB3,AC3,AD3,AE3,AF3,AG3,AH3)) | AI61: =IFERROR(SUM(T61,U61,V61,W61,X61,Y61,Z61,AA61,AB61,AC61,AD61,AE61,AF61,AG61,AH61)/S61*30,0) -> 0 | AJ61: =IF(COUNTA(AK3,AN3,AQ3,AT3,AW3,AZ3,BC3,BF3,BI3,BL3,BO3,BR3,BU3,BX3,CA3,CD3,CG3,CJ3,CM3,CP3)=0,"",COUNTA(AK3,AN3,AQ3,AT3,AW3,AZ3,BC3,BF3,BI3,BL3,BO3,BR3,BU3,BX3,CA3,CD3,CG3,CJ3,CM3,CP3)) | CS61: =IFERROR(SUM(AK61,AN61,AQ61,AT61,AW61,AZ61,BC61,BF61,BI61,BL61,BO61,BR61,BU61,BX61,CA61,CD61,CG61,CJ61,CM61,CP61)/AJ61*10,0) -> 0 | CT61: =IFERROR(SUM(AL61,AO61,AR61,AU61,AX61,BA61,BD61,BG61,BJ61,BM61,BP61,BS61,BV61,BY61,CB61,CE61,CH61,CK61,CN61,CQ61)/AJ61/5*5,0) -> 0 | CU61: =IFERROR(SUM(AM61,AP61,AS61,AV61,AY61,BB61,BE61,BH61,BK61,BN61,BQ61,BT61,BW61,BZ61,CC61,CF61,CI61,CL61,CO61,CR61)/AJ61*5,0) -> 0 | CV61: =ROUND(SUM(CS61,CT61,CU61),2) -> 0 | CZ61: =ROUND(SUM(R61,AI61,CV61,CW61,CX61,CY61),2) -> 0 | DA61: =ROUND(CZ61/110*100,1) -> 0 | DB61: =IF(CZ61>=90,"A",IF(CZ61>=80,"B",IF(CZ61>=70,"C",IF(CZ61>=60,"D",IF(CZ61>0,"F"," "))))) | DE61: =IF(A61="","",DA61-ROW()/100000000)
B62: =IF(COUNTA(C3,D3,E3,F3,G3,H3,I3,J3,K3,L3,M3,N3,O3,P3,Q3)=0,"",COUNTA(C3,D3,E3,F3,G3,H3,I3,J3,K3,L3,M3,N3,O3,P3,Q3)) | R62: =IFERROR(SUM(C62,D62,E62,F62,G62,H62,I62,J62,K62,L62,M62,N62,O62,P62,Q62)/B62*30,0) -> 0 | S62: =IF(COUNTA(T3,U3,V3,W3,X3,Y3,Z3,AA3,AB3,AC3,AD3,AE3,AF3,AG3,AH3)=0,"",COUNTA(T3,U3,V3,W3,X3,Y3,Z3,AA3,AB3,AC3,AD3,AE3,AF3,AG3,AH3)) | AI62: =IFERROR(SUM(T62,U62,V62,W62,X62,Y62,Z62,AA62,AB62,AC62,AD62,AE62,AF62,AG62,AH62)/S62*30,0) -> 0 | AJ62: =IF(COUNTA(AK3,AN3,AQ3,AT3,AW3,AZ3,BC3,BF3,BI3,BL3,BO3,BR3,BU3,BX3,CA3,CD3,CG3,CJ3,CM3,CP3)=0,"",COUNTA(AK3,AN3,AQ3,AT3,AW3,AZ3,BC3,BF3,BI3,BL3,BO3,BR3,BU3,BX3,CA3,CD3,CG3,CJ3,CM3,CP3)) | CS62: =IFERROR(SUM(AK62,AN62,AQ62,AT62,AW62,AZ62,BC62,BF62,BI62,BL62,BO62,BR62,BU62,BX62,CA62,CD62,CG62,CJ62,CM62,CP62)/AJ62*10,0) -> 0 | CT62: =IFERROR(SUM(AL62,AO62,AR62,AU62,AX62,BA62,BD62,BG62,BJ62,BM62,BP62,BS62,BV62,BY62,CB62,CE62,CH62,CK62,CN62,CQ62)/AJ62/5*5,0) -> 0 | CU62: =IFERROR(SUM(AM62,AP62,AS62,AV62,AY62,BB62,BE62,BH62,BK62,BN62,BQ62,BT62,BW62,BZ62,CC62,CF62,CI62,CL62,CO62,CR62)/AJ62*5,0) -> 0 | CV62: =ROUND(SUM(CS62,CT62,CU62),2) -> 0 | CZ62: =ROUND(SUM(R62,AI62,CV62,CW62,CX62,CY62),2) -> 0 | DA62: =ROUND(CZ62/110*100,1) -> 0 | DB62: =IF(CZ62>=90,"A",IF(CZ62>=80,"B",IF(CZ62>=70,"C",IF(CZ62>=60,"D",IF(CZ62>0,"F"," "))))) | DE62: =IF(A62="","",DA62-ROW()/100000000)
B63: =IF(COUNTA(C3,D3,E3,F3,G3,H3,I3,J3,K3,L3,M3,N3,O3,P3,Q3)=0,"",COUNTA(C3,D3,E3,F3,G3,H3,I3,J3,K3,L3,M3,N3,O3,P3,Q3)) | R63: =IFERROR(SUM(C63,D63,E63,F63,G63,H63,I63,J63,K63,L63,M63,N63,O63,P63,Q63)/B63*30,0) -> 0 | S63: =IF(COUNTA(T3,U3,V3,W3,X3,Y3,Z3,AA3,AB3,AC3,AD3,AE3,AF3,AG3,AH3)=0,"",COUNTA(T3,U3,V3,W3,X3,Y3,Z3,AA3,AB3,AC3,AD3,AE3,AF3,AG3,AH3)) | AI63: =IFERROR(SUM(T63,U63,V63,W63,X63,Y63,Z63,AA63,AB63,AC63,AD63,AE63,AF63,AG63,AH63)/S63*30,0) -> 0 | AJ63: =IF(COUNTA(AK3,AN3,AQ3,AT3,AW3,AZ3,BC3,BF3,BI3,BL3,BO3,BR3,BU3,BX3,CA3,CD3,CG3,CJ3,CM3,CP3)=0,"",COUNTA(AK3,AN3,AQ3,AT3,AW3,AZ3,BC3,BF3,BI3,BL3,BO3,BR3,BU3,BX3,CA3,CD3,CG3,CJ3,CM3,CP3)) | CS63: =IFERROR(SUM(AK63,AN63,AQ63,AT63,AW63,AZ63,BC63,BF63,BI63,BL63,BO63,BR63,BU63,BX63,CA63,CD63,CG63,CJ63,CM63,CP63)/AJ63*10,0) -> 0 | CT63: =IFERROR(SUM(AL63,AO63,AR63,AU63,AX63,BA63,BD63,BG63,BJ63,BM63,BP63,BS63,BV63,BY63,CB63,CE63,CH63,CK63,CN63,CQ63)/AJ63/5*5,0) -> 0 | CU63: =IFERROR(SUM(AM63,AP63,AS63,AV63,AY63,BB63,BE63,BH63,BK63,BN63,BQ63,BT63,BW63,BZ63,CC63,CF63,CI63,CL63,CO63,CR63)/AJ63*5,0) -> 0 | CV63: =ROUND(SUM(CS63,CT63,CU63),2) -> 0 | CZ63: =ROUND(SUM(R63,AI63,CV63,CW63,CX63,CY63),2) -> 0 | DA63: =ROUND(CZ63/110*100,1) -> 0 | DB63: =IF(CZ63>=90,"A",IF(CZ63>=80,"B",IF(CZ63>=70,"C",IF(CZ63>=60,"D",IF(CZ63>0,"F"," "))))) | DE63: =IF(A63="","",DA63-ROW()/100000000)
B64: =IF(COUNTA(C3,D3,E3,F3,G3,H3,I3,J3,K3,L3,M3,N3,O3,P3,Q3)=0,"",COUNTA(C3,D3,E3,F3,G3,H3,I3,J3,K3,L3,M3,N3,O3,P3,Q3)) | R64: =IFERROR(SUM(C64,D64,E64,F64,G64,H64,I64,J64,K64,L64,M64,N64,O64,P64,Q64)/B64*30,0) -> 0 | S64: =IF(COUNTA(T3,U3,V3,W3,X3,Y3,Z3,AA3,AB3,AC3,AD3,AE3,AF3,AG3,AH3)=0,"",COUNTA(T3,U3,V3,W3,X3,Y3,Z3,AA3,AB3,AC3,AD3,AE3,AF3,AG3,AH3)) | AI64: =IFERROR(SUM(T64,U64,V64,W64,X64,Y64,Z64,AA64,AB64,AC64,AD64,AE64,AF64,AG64,AH64)/S64*30,0) -> 0 | AJ64: =IF(COUNTA(AK3,AN3,AQ3,AT3,AW3,AZ3,BC3,BF3,BI3,BL3,BO3,BR3,BU3,BX3,CA3,CD3,CG3,CJ3,CM3,CP3)=0,"",COUNTA(AK3,AN3,AQ3,AT3,AW3,AZ3,BC3,BF3,BI3,BL3,BO3,BR3,BU3,BX3,CA3,CD3,CG3,CJ3,CM3,CP3)) | CS64: =IFERROR(SUM(AK64,AN64,AQ64,AT64,AW64,AZ64,BC64,BF64,BI64,BL64,BO64,BR64,BU64,BX64,CA64,CD64,CG64,CJ64,CM64,CP64)/AJ64*10,0) -> 0 | CT64: =IFERROR(SUM(AL64,AO64,AR64,AU64,AX64,BA64,BD64,BG64,BJ64,BM64,BP64,BS64,BV64,BY64,CB64,CE64,CH64,CK64,CN64,CQ64)/AJ64/5*5,0) -> 0 | CU64: =IFERROR(SUM(AM64,AP64,AS64,AV64,AY64,BB64,BE64,BH64,BK64,BN64,BQ64,BT64,BW64,BZ64,CC64,CF64,CI64,CL64,CO64,CR64)/AJ64*5,0) -> 0 | CV64: =ROUND(SUM(CS64,CT64,CU64),2) -> 0 | CZ64: =ROUND(SUM(R64,AI64,CV64,CW64,CX64,CY64),2) -> 0 | DA64: =ROUND(CZ64/110*100,1) -> 0 | DB64: =IF(CZ64>=90,"A",IF(CZ64>=80,"B",IF(CZ64>=70,"C",IF(CZ64>=60,"D",IF(CZ64>0,"F"," "))))) | DE64: =IF(A64="","",DA64-ROW()/100000000)
B65: =IF(COUNTA(C3,D3,E3,F3,G3,H3,I3,J3,K3,L3,M3,N3,O3,P3,Q3)=0,"",COUNTA(C3,D3,E3,F3,G3,H3,I3,J3,K3,L3,M3,N3,O3,P3,Q3)) | R65: =IFERROR(SUM(C65,D65,E65,F65,G65,H65,I65,J65,K65,L65,M65,N65,O65,P65,Q65)/B65*30,0) -> 0 | S65: =IF(COUNTA(T3,U3,V3,W3,X3,Y3,Z3,AA3,AB3,AC3,AD3,AE3,AF3,AG3,AH3)=0,"",COUNTA(T3,U3,V3,W3,X3,Y3,Z3,AA3,AB3,AC3,AD3,AE3,AF3,AG3,AH3)) | AI65: =IFERROR(SUM(T65,U65,V65,W65,X65,Y65,Z65,AA65,AB65,AC65,AD65,AE65,AF65,AG65,AH65)/S65*30,0) -> 0 | AJ65: =IF(COUNTA(AK3,AN3,AQ3,AT3,AW3,AZ3,BC3,BF3,BI3,BL3,BO3,BR3,BU3,BX3,CA3,CD3,CG3,CJ3,CM3,CP3)=0,"",COUNTA(AK3,AN3,AQ3,AT3,AW3,AZ3,BC3,BF3,BI3,BL3,BO3,BR3,BU3,BX3,CA3,CD3,CG3,CJ3,CM3,CP3)) | CS65: =IFERROR(SUM(AK65,AN65,AQ65,AT65,AW65,AZ65,BC65,BF65,BI65,BL65,BO65,BR65,BU65,BX65,CA65,CD65,CG65,CJ65,CM65,CP65)/AJ65*10,0) -> 0 | CT65: =IFERROR(SUM(AL65,AO65,AR65,AU65,AX65,BA65,BD65,BG65,BJ65,BM65,BP65,BS65,BV65,BY65,CB65,CE65,CH65,CK65,CN65,CQ65)/AJ65/5*5,0) -> 0 | CU65: =IFERROR(SUM(AM65,AP65,AS65,AV65,AY65,BB65,BE65,BH65,BK65,BN65,BQ65,BT65,BW65,BZ65,CC65,CF65,CI65,CL65,CO65,CR65)/AJ65*5,0) -> 0 | CV65: =ROUND(SUM(CS65,CT65,CU65),2) -> 0 | CZ65: =ROUND(SUM(R65,AI65,CV65,CW65,CX65,CY65),2) -> 0 | DA65: =ROUND(CZ65/110*100,1) -> 0 | DB65: =IF(CZ65>=90,"A",IF(CZ65>=80,"B",IF(CZ65>=70,"C",IF(CZ65>=60,"D",IF(CZ65>0,"F"," "))))) | DE65: =IF(A65="","",DA65-ROW()/100000000)
B66: =IF(COUNTA(C3,D3,E3,F3,G3,H3,I3,J3,K3,L3,M3,N3,O3,P3,Q3)=0,"",COUNTA(C3,D3,E3,F3,G3,H3,I3,J3,K3,L3,M3,N3,O3,P3,Q3)) | R66: =IFERROR(SUM(C66,D66,E66,F66,G66,H66,I66,J66,K66,L66,M66,N66,O66,P66,Q66)/B66*30,0) -> 0 | S66: =IF(COUNTA(T3,U3,V3,W3,X3,Y3,Z3,AA3,AB3,AC3,AD3,AE3,AF3,AG3,AH3)=0,"",COUNTA(T3,U3,V3,W3,X3,Y3,Z3,AA3,AB3,AC3,AD3,AE3,AF3,AG3,AH3)) | AI66: =IFERROR(SUM(T66,U66,V66,W66,X66,Y66,Z66,AA66,AB66,AC66,AD66,AE66,AF66,AG66,AH66)/S66*30,0) -> 0 | AJ66: =IF(COUNTA(AK3,AN3,AQ3,AT3,AW3,AZ3,BC3,BF3,BI3,BL3,BO3,BR3,BU3,BX3,CA3,CD3,CG3,CJ3,CM3,CP3)=0,"",COUNTA(AK3,AN3,AQ3,AT3,AW3,AZ3,BC3,BF3,BI3,BL3,BO3,BR3,BU3,BX3,CA3,CD3,CG3,CJ3,CM3,CP3)) | CS66: =IFERROR(SUM(AK66,AN66,AQ66,AT66,AW66,AZ66,BC66,BF66,BI66,BL66,BO66,BR66,BU66,BX66,CA66,CD66,CG66,CJ66,CM66,CP66)/AJ66*10,0) -> 0 | CT66: =IFERROR(SUM(AL66,AO66,AR66,AU66,AX66,BA66,BD66,BG66,BJ66,BM66,BP66,BS66,BV66,BY66,CB66,CE66,CH66,CK66,CN66,CQ66)/AJ66/5*5,0) -> 0 | CU66: =IFERROR(SUM(AM66,AP66,AS66,AV66,AY66,BB66,BE66,BH66,BK66,BN66,BQ66,BT66,BW66,BZ66,CC66,CF66,CI66,CL66,CO66,CR66)/AJ66*5,0) -> 0 | CV66: =ROUND(SUM(CS66,CT66,CU66),2) -> 0 | CZ66: =ROUND(SUM(R66,AI66,CV66,CW66,CX66,CY66),2) -> 0 | DA66: =ROUND(CZ66/110*100,1) -> 0 | DB66: =IF(CZ66>=90,"A",IF(CZ66>=80,"B",IF(CZ66>=70,"C",IF(CZ66>=60,"D",IF(CZ66>0,"F"," "))))) | DE66: =IF(A66="","",DA66-ROW()/100000000)
B67: =IF(COUNTA(C3,D3,E3,F3,G3,H3,I3,J3,K3,L3,M3,N3,O3,P3,Q3)=0,"",COUNTA(C3,D3,E3,F3,G3,H3,I3,J3,K3,L3,M3,N3,O3,P3,Q3)) | R67: =IFERROR(SUM(C67,D67,E67,F67,G67,H67,I67,J67,K67,L67,M67,N67,O67,P67,Q67)/B67*30,0) -> 0 | S67: =IF(COUNTA(T3,U3,V3,W3,X3,Y3,Z3,AA3,AB3,AC3,AD3,AE3,AF3,AG3,AH3)=0,"",COUNTA(T3,U3,V3,W3,X3,Y3,Z3,AA3,AB3,AC3,AD3,AE3,AF3,AG3,AH3)) | AI67: =IFERROR(SUM(T67,U67,V67,W67,X67,Y67,Z67,AA67,AB67,AC67,AD67,AE67,AF67,AG67,AH67)/S67*30,0) -> 0 | AJ67: =IF(COUNTA(AK3,AN3,AQ3,AT3,AW3,AZ3,BC3,BF3,BI3,BL3,BO3,BR3,BU3,BX3,CA3,CD3,CG3,CJ3,CM3,CP3)=0,"",COUNTA(AK3,AN3,AQ3,AT3,AW3,AZ3,BC3,BF3,BI3,BL3,BO3,BR3,BU3,BX3,CA3,CD3,CG3,CJ3,CM3,CP3)) | CS67: =IFERROR(SUM(AK67,AN67,AQ67,AT67,AW67,AZ67,BC67,BF67,BI67,BL67,BO67,BR67,BU67,BX67,CA67,CD67,CG67,CJ67,CM67,CP67)/AJ67*10,0) -> 0 | CT67: =IFERROR(SUM(AL67,AO67,AR67,AU67,AX67,BA67,BD67,BG67,BJ67,BM67,BP67,BS67,BV67,BY67,CB67,CE67,CH67,CK67,CN67,CQ67)/AJ67/5*5,0) -> 0 | CU67: =IFERROR(SUM(AM67,AP67,AS67,AV67,AY67,BB67,BE67,BH67,BK67,BN67,BQ67,BT67,BW67,BZ67,CC67,CF67,CI67,CL67,CO67,CR67)/AJ67*5,0) -> 0 | CV67: =ROUND(SUM(CS67,CT67,CU67),2) -> 0 | CZ67: =ROUND(SUM(R67,AI67,CV67,CW67,CX67,CY67),2) -> 0 | DA67: =ROUND(CZ67/110*100,1) -> 0 | DB67: =IF(CZ67>=90,"A",IF(CZ67>=80,"B",IF(CZ67>=70,"C",IF(CZ67>=60,"D",IF(CZ67>0,"F"," "))))) | DE67: =IF(A67="","",DA67-ROW()/100000000)
B68: =IF(COUNTA(C3,D3,E3,F3,G3,H3,I3,J3,K3,L3,M3,N3,O3,P3,Q3)=0,"",COUNTA(C3,D3,E3,F3,G3,H3,I3,J3,K3,L3,M3,N3,O3,P3,Q3)) | R68: =IFERROR(SUM(C68,D68,E68,F68,G68,H68,I68,J68,K68,L68,M68,N68,O68,P68,Q68)/B68*30,0) -> 0 | S68: =IF(COUNTA(T3,U3,V3,W3,X3,Y3,Z3,AA3,AB3,AC3,AD3,AE3,AF3,AG3,AH3)=0,"",COUNTA(T3,U3,V3,W3,X3,Y3,Z3,AA3,AB3,AC3,AD3,AE3,AF3,AG3,AH3)) | AI68: =IFERROR(SUM(T68,U68,V68,W68,X68,Y68,Z68,AA68,AB68,AC68,AD68,AE68,AF68,AG68,AH68)/S68*30,0) -> 0 | AJ68: =IF(COUNTA(AK3,AN3,AQ3,AT3,AW3,AZ3,BC3,BF3,BI3,BL3,BO3,BR3,BU3,BX3,CA3,CD3,CG3,CJ3,CM3,CP3)=0,"",COUNTA(AK3,AN3,AQ3,AT3,AW3,AZ3,BC3,BF3,BI3,BL3,BO3,BR3,BU3,BX3,CA3,CD3,CG3,CJ3,CM3,CP3)) | CS68: =IFERROR(SUM(AK68,AN68,AQ68,AT68,AW68,AZ68,BC68,BF68,BI68,BL68,BO68,BR68,BU68,BX68,CA68,CD68,CG68,CJ68,CM68,CP68)/AJ68*10,0) -> 0 | CT68: =IFERROR(SUM(AL68,AO68,AR68,AU68,AX68,BA68,BD68,BG68,BJ68,BM68,BP68,BS68,BV68,BY68,CB68,CE68,CH68,CK68,CN68,CQ68)/AJ68/5*5,0) -> 0 | CU68: =IFERROR(SUM(AM68,AP68,AS68,AV68,AY68,BB68,BE68,BH68,BK68,BN68,BQ68,BT68,BW68,BZ68,CC68,CF68,CI68,CL68,CO68,CR68)/AJ68*5,0) -> 0 | CV68: =ROUND(SUM(CS68,CT68,CU68),2) -> 0 | CZ68: =ROUND(SUM(R68,AI68,CV68,CW68,CX68,CY68),2) -> 0 | DA68: =ROUND(CZ68/110*100,1) -> 0 | DB68: =IF(CZ68>=90,"A",IF(CZ68>=80,"B",IF(CZ68>=70,"C",IF(CZ68>=60,"D",IF(CZ68>0,"F"," "))))) | DE68: =IF(A68="","",DA68-ROW()/100000000)
B69: =IF(COUNTA(C3,D3,E3,F3,G3,H3,I3,J3,K3,L3,M3,N3,O3,P3,Q3)=0,"",COUNTA(C3,D3,E3,F3,G3,H3,I3,J3,K3,L3,M3,N3,O3,P3,Q3)) | R69: =IFERROR(SUM(C69,D69,E69,F69,G69,H69,I69,J69,K69,L69,M69,N69,O69,P69,Q69)/B69*30,0) -> 0 | S69: =IF(COUNTA(T3,U3,V3,W3,X3,Y3,Z3,AA3,AB3,AC3,AD3,AE3,AF3,AG3,AH3)=0,"",COUNTA(T3,U3,V3,W3,X3,Y3,Z3,AA3,AB3,AC3,AD3,AE3,AF3,AG3,AH3)) | AI69: =IFERROR(SUM(T69,U69,V69,W69,X69,Y69,Z69,AA69,AB69,AC69,AD69,AE69,AF69,AG69,AH69)/S69*30,0) -> 0 | AJ69: =IF(COUNTA(AK3,AN3,AQ3,AT3,AW3,AZ3,BC3,BF3,BI3,BL3,BO3,BR3,BU3,BX3,CA3,CD3,CG3,CJ3,CM3,CP3)=0,"",COUNTA(AK3,AN3,AQ3,AT3,AW3,AZ3,BC3,BF3,BI3,BL3,BO3,BR3,BU3,BX3,CA3,CD3,CG3,CJ3,CM3,CP3)) | CS69: =IFERROR(SUM(AK69,AN69,AQ69,AT69,AW69,AZ69,BC69,BF69,BI69,BL69,BO69,BR69,BU69,BX69,CA69,CD69,CG69,CJ69,CM69,CP69)/AJ69*10,0) -> 0 | CT69: =IFERROR(SUM(AL69,AO69,AR69,AU69,AX69,BA69,BD69,BG69,BJ69,BM69,BP69,BS69,BV69,BY69,CB69,CE69,CH69,CK69,CN69,CQ69)/AJ69/5*5,0) -> 0 | CU69: =IFERROR(SUM(AM69,AP69,AS69,AV69,AY69,BB69,BE69,BH69,BK69,BN69,BQ69,BT69,BW69,BZ69,CC69,CF69,CI69,CL69,CO69,CR69)/AJ69*5,0) -> 0 | CV69: =ROUND(SUM(CS69,CT69,CU69),2) -> 0 | CZ69: =ROUND(SUM(R69,AI69,CV69,CW69,CX69,CY69),2) -> 0 | DA69: =ROUND(CZ69/110*100,1) -> 0 | DB69: =IF(CZ69>=90,"A",IF(CZ69>=80,"B",IF(CZ69>=70,"C",IF(CZ69>=60,"D",IF(CZ69>0,"F"," "))))) | DE69: =IF(A69="","",DA69-ROW()/100000000)
B70: =IF(COUNTA(C3,D3,E3,F3,G3,H3,I3,J3,K3,L3,M3,N3,O3,P3,Q3)=0,"",COUNTA(C3,D3,E3,F3,G3,H3,I3,J3,K3,L3,M3,N3,O3,P3,Q3)) | R70: =IFERROR(SUM(C70,D70,E70,F70,G70,H70,I70,J70,K70,L70,M70,N70,O70,P70,Q70)/B70*30,0) -> 0 | S70: =IF(COUNTA(T3,U3,V3,W3,X3,Y3,Z3,AA3,AB3,AC3,AD3,AE3,AF3,AG3,AH3)=0,"",COUNTA(T3,U3,V3,W3,X3,Y3,Z3,AA3,AB3,AC3,AD3,AE3,AF3,AG3,AH3)) | AI70: =IFERROR(SUM(T70,U70,V70,W70,X70,Y70,Z70,AA70,AB70,AC70,AD70,AE70,AF70,AG70,AH70)/S70*30,0) -> 0 | AJ70: =IF(COUNTA(AK3,AN3,AQ3,AT3,AW3,AZ3,BC3,BF3,BI3,BL3,BO3,BR3,BU3,BX3,CA3,CD3,CG3,CJ3,CM3,CP3)=0,"",COUNTA(AK3,AN3,AQ3,AT3,AW3,AZ3,BC3,BF3,BI3,BL3,BO3,BR3,BU3,BX3,CA3,CD3,CG3,CJ3,CM3,CP3)) | CS70: =IFERROR(SUM(AK70,AN70,AQ70,AT70,AW70,AZ70,BC70,BF70,BI70,BL70,BO70,BR70,BU70,BX70,CA70,CD70,CG70,CJ70,CM70,CP70)/AJ70*10,0) -> 0 | CT70: =IFERROR(SUM(AL70,AO70,AR70,AU70,AX70,BA70,BD70,BG70,BJ70,BM70,BP70,BS70,BV70,BY70,CB70,CE70,CH70,CK70,CN70,CQ70)/AJ70/5*5,0) -> 0 | CU70: =IFERROR(SUM(AM70,AP70,AS70,AV70,AY70,BB70,BE70,BH70,BK70,BN70,BQ70,BT70,BW70,BZ70,CC70,CF70,CI70,CL70,CO70,CR70)/AJ70*5,0) -> 0 | CV70: =ROUND(SUM(CS70,CT70,CU70),2) -> 0 | CZ70: =ROUND(SUM(R70,AI70,CV70,CW70,CX70,CY70),2) -> 0 | DA70: =ROUND(CZ70/110*100,1) -> 0 | DB70: =IF(CZ70>=90,"A",IF(CZ70>=80,"B",IF(CZ70>=70,"C",IF(CZ70>=60,"D",IF(CZ70>0,"F"," "))))) | DE70: =IF(A70="","",DA70-ROW()/100000000)
B71: =IF(COUNTA(C3,D3,E3,F3,G3,H3,I3,J3,K3,L3,M3,N3,O3,P3,Q3)=0,"",COUNTA(C3,D3,E3,F3,G3,H3,I3,J3,K3,L3,M3,N3,O3,P3,Q3)) | R71: =IFERROR(SUM(C71,D71,E71,F71,G71,H71,I71,J71,K71,L71,M71,N71,O71,P71,Q71)/B71*30,0) -> 0 | S71: =IF(COUNTA(T3,U3,V3,W3,X3,Y3,Z3,AA3,AB3,AC3,AD3,AE3,AF3,AG3,AH3)=0,"",COUNTA(T3,U3,V3,W3,X3,Y3,Z3,AA3,AB3,AC3,AD3,AE3,AF3,AG3,AH3)) | AI71: =IFERROR(SUM(T71,U71,V71,W71,X71,Y71,Z71,AA71,AB71,AC71,AD71,AE71,AF71,AG71,AH71)/S71*30,0) -> 0 | AJ71: =IF(COUNTA(AK3,AN3,AQ3,AT3,AW3,AZ3,BC3,BF3,BI3,BL3,BO3,BR3,BU3,BX3,CA3,CD3,CG3,CJ3,CM3,CP3)=0,"",COUNTA(AK3,AN3,AQ3,AT3,AW3,AZ3,BC3,BF3,BI3,BL3,BO3,BR3,BU3,BX3,CA3,CD3,CG3,CJ3,CM3,CP3)) | CS71: =IFERROR(SUM(AK71,AN71,AQ71,AT71,AW71,AZ71,BC71,BF71,BI71,BL71,BO71,BR71,BU71,BX71,CA71,CD71,CG71,CJ71,CM71,CP71)/AJ71*10,0) -> 0 | CT71: =IFERROR(SUM(AL71,AO71,AR71,AU71,AX71,BA71,BD71,BG71,BJ71,BM71,BP71,BS71,BV71,BY71,CB71,CE71,CH71,CK71,CN71,CQ71)/AJ71/5*5,0) -> 0 | CU71: =IFERROR(SUM(AM71,AP71,AS71,AV71,AY71,BB71,BE71,BH71,BK71,BN71,BQ71,BT71,BW71,BZ71,CC71,CF71,CI71,CL71,CO71,CR71)/AJ71*5,0) -> 0 | CV71: =ROUND(SUM(CS71,CT71,CU71),2) -> 0 | CZ71: =ROUND(SUM(R71,AI71,CV71,CW71,CX71,CY71),2) -> 0 | DA71: =ROUND(CZ71/110*100,1) -> 0 | DB71: =IF(CZ71>=90,"A",IF(CZ71>=80,"B",IF(CZ71>=70,"C",IF(CZ71>=60,"D",IF(CZ71>0,"F"," "))))) | DE71: =IF(A71="","",DA71-ROW()/100000000)
B72: =IF(COUNTA(C3,D3,E3,F3,G3,H3,I3,J3,K3,L3,M3,N3,O3,P3,Q3)=0,"",COUNTA(C3,D3,E3,F3,G3,H3,I3,J3,K3,L3,M3,N3,O3,P3,Q3)) | R72: =IFERROR(SUM(C72,D72,E72,F72,G72,H72,I72,J72,K72,L72,M72,N72,O72,P72,Q72)/B72*30,0) -> 0 | S72: =IF(COUNTA(T3,U3,V3,W3,X3,Y3,Z3,AA3,AB3,AC3,AD3,AE3,AF3,AG3,AH3)=0,"",COUNTA(T3,U3,V3,W3,X3,Y3,Z3,AA3,AB3,AC3,AD3,AE3,AF3,AG3,AH3)) | AI72: =IFERROR(SUM(T72,U72,V72,W72,X72,Y72,Z72,AA72,AB72,AC72,AD72,AE72,AF72,AG72,AH72)/S72*30,0) -> 0 | AJ72: =IF(COUNTA(AK3,AN3,AQ3,AT3,AW3,AZ3,BC3,BF3,BI3,BL3,BO3,BR3,BU3,BX3,CA3,CD3,CG3,CJ3,CM3,CP3)=0,"",COUNTA(AK3,AN3,AQ3,AT3,AW3,AZ3,BC3,BF3,BI3,BL3,BO3,BR3,BU3,BX3,CA3,CD3,CG3,CJ3,CM3,CP3)) | CS72: =IFERROR(SUM(AK72,AN72,AQ72,AT72,AW72,AZ72,BC72,BF72,BI72,BL72,BO72,BR72,BU72,BX72,CA72,CD72,CG72,CJ72,CM72,CP72)/AJ72*10,0) -> 0 | CT72: =IFERROR(SUM(AL72,AO72,AR72,AU72,AX72,BA72,BD72,BG72,BJ72,BM72,BP72,BS72,BV72,BY72,CB72,CE72,CH72,CK72,CN72,CQ72)/AJ72/5*5,0) -> 0 | CU72: =IFERROR(SUM(AM72,AP72,AS72,AV72,AY72,BB72,BE72,BH72,BK72,BN72,BQ72,BT72,BW72,BZ72,CC72,CF72,CI72,CL72,CO72,CR72)/AJ72*5,0) -> 0 | CV72: =ROUND(SUM(CS72,CT72,CU72),2) -> 0 | CZ72: =ROUND(SUM(R72,AI72,CV72,CW72,CX72,CY72),2) -> 0 | DA72: =ROUND(CZ72/110*100,1) -> 0 | DB72: =IF(CZ72>=90,"A",IF(CZ72>=80,"B",IF(CZ72>=70,"C",IF(CZ72>=60,"D",IF(CZ72>0,"F"," "))))) | DE72: =IF(A72="","",DA72-ROW()/100000000)
B73: =IF(COUNTA(C3,D3,E3,F3,G3,H3,I3,J3,K3,L3,M3,N3,O3,P3,Q3)=0,"",COUNTA(C3,D3,E3,F3,G3,H3,I3,J3,K3,L3,M3,N3,O3,P3,Q3)) | R73: =IFERROR(SUM(C73,D73,E73,F73,G73,H73,I73,J73,K73,L73,M73,N73,O73,P73,Q73)/B73*30,0) -> 0 | S73: =IF(COUNTA(T3,U3,V3,W3,X3,Y3,Z3,AA3,AB3,AC3,AD3,AE3,AF3,AG3,AH3)=0,"",COUNTA(T3,U3,V3,W3,X3,Y3,Z3,AA3,AB3,AC3,AD3,AE3,AF3,AG3,AH3)) | AI73: =IFERROR(SUM(T73,U73,V73,W73,X73,Y73,Z73,AA73,AB73,AC73,AD73,AE73,AF73,AG73,AH73)/S73*30,0) -> 0 | AJ73: =IF(COUNTA(AK3,AN3,AQ3,AT3,AW3,AZ3,BC3,BF3,BI3,BL3,BO3,BR3,BU3,BX3,CA3,CD3,CG3,CJ3,CM3,CP3)=0,"",COUNTA(AK3,AN3,AQ3,AT3,AW3,AZ3,BC3,BF3,BI3,BL3,BO3,BR3,BU3,BX3,CA3,CD3,CG3,CJ3,CM3,CP3)) | CS73: =IFERROR(SUM(AK73,AN73,AQ73,AT73,AW73,AZ73,BC73,BF73,BI73,BL73,BO73,BR73,BU73,BX73,CA73,CD73,CG73,CJ73,CM73,CP73)/AJ73*10,0) -> 0 | CT73: =IFERROR(SUM(AL73,AO73,AR73,AU73,AX73,BA73,BD73,BG73,BJ73,BM73,BP73,BS73,BV73,BY73,CB73,CE73,CH73,CK73,CN73,CQ73)/AJ73/5*5,0) -> 0 | CU73: =IFERROR(SUM(AM73,AP73,AS73,AV73,AY73,BB73,BE73,BH73,BK73,BN73,BQ73,BT73,BW73,BZ73,CC73,CF73,CI73,CL73,CO73,CR73)/AJ73*5,0) -> 0 | CV73: =ROUND(SUM(CS73,CT73,CU73),2) -> 0 | CZ73: =ROUND(SUM(R73,AI73,CV73,CW73,CX73,CY73),2) -> 0 | DA73: =ROUND(CZ73/110*100,1) -> 0 | DB73: =IF(CZ73>=90,"A",IF(CZ73>=80,"B",IF(CZ73>=70,"C",IF(CZ73>=60,"D",IF(CZ73>0,"F"," "))))) | DE73: =IF(A73="","",DA73-ROW()/100000000)
B74: =IF(COUNTA(C3,D3,E3,F3,G3,H3,I3,J3,K3,L3,M3,N3,O3,P3,Q3)=0,"",COUNTA(C3,D3,E3,F3,G3,H3,I3,J3,K3,L3,M3,N3,O3,P3,Q3)) | R74: =IFERROR(SUM(C74,D74,E74,F74,G74,H74,I74,J74,K74,L74,M74,N74,O74,P74,Q74)/B74*30,0) -> 0 | S74: =IF(COUNTA(T3,U3,V3,W3,X3,Y3,Z3,AA3,AB3,AC3,AD3,AE3,AF3,AG3,AH3)=0,"",COUNTA(T3,U3,V3,W3,X3,Y3,Z3,AA3,AB3,AC3,AD3,AE3,AF3,AG3,AH3)) | AI74: =IFERROR(SUM(T74,U74,V74,W74,X74,Y74,Z74,AA74,AB74,AC74,AD74,AE74,AF74,AG74,AH74)/S74*30,0) -> 0 | AJ74: =IF(COUNTA(AK3,AN3,AQ3,AT3,AW3,AZ3,BC3,BF3,BI3,BL3,BO3,BR3,BU3,BX3,CA3,CD3,CG3,CJ3,CM3,CP3)=0,"",COUNTA(AK3,AN3,AQ3,AT3,AW3,AZ3,BC3,BF3,BI3,BL3,BO3,BR3,BU3,BX3,CA3,CD3,CG3,CJ3,CM3,CP3)) | CS74: =IFERROR(SUM(AK74,AN74,AQ74,AT74,AW74,AZ74,BC74,BF74,BI74,BL74,BO74,BR74,BU74,BX74,CA74,CD74,CG74,CJ74,CM74,CP74)/AJ74*10,0) -> 0 | CT74: =IFERROR(SUM(AL74,AO74,AR74,AU74,AX74,BA74,BD74,BG74,BJ74,BM74,BP74,BS74,BV74,BY74,CB74,CE74,CH74,CK74,CN74,CQ74)/AJ74/5*5,0) -> 0 | CU74: =IFERROR(SUM(AM74,AP74,AS74,AV74,AY74,BB74,BE74,BH74,BK74,BN74,BQ74,BT74,BW74,BZ74,CC74,CF74,CI74,CL74,CO74,CR74)/AJ74*5,0) -> 0 | CV74: =ROUND(SUM(CS74,CT74,CU74),2) -> 0 | CZ74: =ROUND(SUM(R74,AI74,CV74,CW74,CX74,CY74),2) -> 0 | DA74: =ROUND(CZ74/110*100,1) -> 0 | DB74: =IF(CZ74>=90,"A",IF(CZ74>=80,"B",IF(CZ74>=70,"C",IF(CZ74>=60,"D",IF(CZ74>0,"F"," "))))) | DE74: =IF(A74="","",DA74-ROW()/100000000)
B75: =IF(COUNTA(C3,D3,E3,F3,G3,H3,I3,J3,K3,L3,M3,N3,O3,P3,Q3)=0,"",COUNTA(C3,D3,E3,F3,G3,H3,I3,J3,K3,L3,M3,N3,O3,P3,Q3)) | R75: =IFERROR(SUM(C75,D75,E75,F75,G75,H75,I75,J75,K75,L75,M75,N75,O75,P75,Q75)/B75*30,0) -> 0 | S75: =IF(COUNTA(T3,U3,V3,W3,X3,Y3,Z3,AA3,AB3,AC3,AD3,AE3,AF3,AG3,AH3)=0,"",COUNTA(T3,U3,V3,W3,X3,Y3,Z3,AA3,AB3,AC3,AD3,AE3,AF3,AG3,AH3)) | AI75: =IFERROR(SUM(T75,U75,V75,W75,X75,Y75,Z75,AA75,AB75,AC75,AD75,AE75,AF75,AG75,AH75)/S75*30,0) -> 0 | AJ75: =IF(COUNTA(AK3,AN3,AQ3,AT3,AW3,AZ3,BC3,BF3,BI3,BL3,BO3,BR3,BU3,BX3,CA3,CD3,CG3,CJ3,CM3,CP3)=0,"",COUNTA(AK3,AN3,AQ3,AT3,AW3,AZ3,BC3,BF3,BI3,BL3,BO3,BR3,BU3,BX3,CA3,CD3,CG3,CJ3,CM3,CP3)) | CS75: =IFERROR(SUM(AK75,AN75,AQ75,AT75,AW75,AZ75,BC75,BF75,BI75,BL75,BO75,BR75,BU75,BX75,CA75,CD75,CG75,CJ75,CM75,CP75)/AJ75*10,0) -> 0 | CT75: =IFERROR(SUM(AL75,AO75,AR75,AU75,AX75,BA75,BD75,BG75,BJ75,BM75,BP75,BS75,BV75,BY75,CB75,CE75,CH75,CK75,CN75,CQ75)/AJ75/5*5,0) -> 0 | CU75: =IFERROR(SUM(AM75,AP75,AS75,AV75,AY75,BB75,BE75,BH75,BK75,BN75,BQ75,BT75,BW75,BZ75,CC75,CF75,CI75,CL75,CO75,CR75)/AJ75*5,0) -> 0 | CV75: =ROUND(SUM(CS75,CT75,CU75),2) -> 0 | CZ75: =ROUND(SUM(R75,AI75,CV75,CW75,CX75,CY75),2) -> 0 | DA75: =ROUND(CZ75/110*100,1) -> 0 | DB75: =IF(CZ75>=90,"A",IF(CZ75>=80,"B",IF(CZ75>=70,"C",IF(CZ75>=60,"D",IF(CZ75>0,"F"," "))))) | DE75: =IF(A75="","",DA75-ROW()/100000000)
B76: =IF(COUNTA(C3,D3,E3,F3,G3,H3,I3,J3,K3,L3,M3,N3,O3,P3,Q3)=0,"",COUNTA(C3,D3,E3,F3,G3,H3,I3,J3,K3,L3,M3,N3,O3,P3,Q3)) | R76: =IFERROR(SUM(C76,D76,E76,F76,G76,H76,I76,J76,K76,L76,M76,N76,O76,P76,Q76)/B76*30,0) -> 0 | S76: =IF(COUNTA(T3,U3,V3,W3,X3,Y3,Z3,AA3,AB3,AC3,AD3,AE3,AF3,AG3,AH3)=0,"",COUNTA(T3,U3,V3,W3,X3,Y3,Z3,AA3,AB3,AC3,AD3,AE3,AF3,AG3,AH3)) | AI76: =IFERROR(SUM(T76,U76,V76,W76,X76,Y76,Z76,AA76,AB76,AC76,AD76,AE76,AF76,AG76,AH76)/S76*30,0) -> 0 | AJ76: =IF(COUNTA(AK3,AN3,AQ3,AT3,AW3,AZ3,BC3,BF3,BI3,BL3,BO3,BR3,BU3,BX3,CA3,CD3,CG3,CJ3,CM3,CP3)=0,"",COUNTA(AK3,AN3,AQ3,AT3,AW3,AZ3,BC3,BF3,BI3,BL3,BO3,BR3,BU3,BX3,CA3,CD3,CG3,CJ3,CM3,CP3)) | CS76: =IFERROR(SUM(AK76,AN76,AQ76,AT76,AW76,AZ76,BC76,BF76,BI76,BL76,BO76,BR76,BU76,BX76,CA76,CD76,CG76,CJ76,CM76,CP76)/AJ76*10,0) -> 0 | CT76: =IFERROR(SUM(AL76,AO76,AR76,AU76,AX76,BA76,BD76,BG76,BJ76,BM76,BP76,BS76,BV76,BY76,CB76,CE76,CH76,CK76,CN76,CQ76)/AJ76/5*5,0) -> 0 | CU76: =IFERROR(SUM(AM76,AP76,AS76,AV76,AY76,BB76,BE76,BH76,BK76,BN76,BQ76,BT76,BW76,BZ76,CC76,CF76,CI76,CL76,CO76,CR76)/AJ76*5,0) -> 0 | CV76: =ROUND(SUM(CS76,CT76,CU76),2) -> 0 | CZ76: =ROUND(SUM(R76,AI76,CV76,CW76,CX76,CY76),2) -> 0 | DA76: =ROUND(CZ76/110*100,1) -> 0 | DB76: =IF(CZ76>=90,"A",IF(CZ76>=80,"B",IF(CZ76>=70,"C",IF(CZ76>=60,"D",IF(CZ76>0,"F"," "))))) | DE76: =IF(A76="","",DA76-ROW()/100000000)
B77: =IF(COUNTA(C3,D3,E3,F3,G3,H3,I3,J3,K3,L3,M3,N3,O3,P3,Q3)=0,"",COUNTA(C3,D3,E3,F3,G3,H3,I3,J3,K3,L3,M3,N3,O3,P3,Q3)) | R77: =IFERROR(SUM(C77,D77,E77,F77,G77,H77,I77,J77,K77,L77,M77,N77,O77,P77,Q77)/B77*30,0) -> 0 | S77: =IF(COUNTA(T3,U3,V3,W3,X3,Y3,Z3,AA3,AB3,AC3,AD3,AE3,AF3,AG3,AH3)=0,"",COUNTA(T3,U3,V3,W3,X3,Y3,Z3,AA3,AB3,AC3,AD3,AE3,AF3,AG3,AH3)) | AI77: =IFERROR(SUM(T77,U77,V77,W77,X77,Y77,Z77,AA77,AB77,AC77,AD77,AE77,AF77,AG77,AH77)/S77*30,0) -> 0 | AJ77: =IF(COUNTA(AK3,AN3,AQ3,AT3,AW3,AZ3,BC3,BF3,BI3,BL3,BO3,BR3,BU3,BX3,CA3,CD3,CG3,CJ3,CM3,CP3)=0,"",COUNTA(AK3,AN3,AQ3,AT3,AW3,AZ3,BC3,BF3,BI3,BL3,BO3,BR3,BU3,BX3,CA3,CD3,CG3,CJ3,CM3,CP3)) | CS77: =IFERROR(SUM(AK77,AN77,AQ77,AT77,AW77,AZ77,BC77,BF77,BI77,BL77,BO77,BR77,BU77,BX77,CA77,CD77,CG77,CJ77,CM77,CP77)/AJ77*10,0) -> 0 | CT77: =IFERROR(SUM(AL77,AO77,AR77,AU77,AX77,BA77,BD77,BG77,BJ77,BM77,BP77,BS77,BV77,BY77,CB77,CE77,CH77,CK77,CN77,CQ77)/AJ77/5*5,0) -> 0 | CU77: =IFERROR(SUM(AM77,AP77,AS77,AV77,AY77,BB77,BE77,BH77,BK77,BN77,BQ77,BT77,BW77,BZ77,CC77,CF77,CI77,CL77,CO77,CR77)/AJ77*5,0) -> 0 | CV77: =ROUND(SUM(CS77,CT77,CU77),2) -> 0 | CZ77: =ROUND(SUM(R77,AI77,CV77,CW77,CX77,CY77),2) -> 0 | DA77: =ROUND(CZ77/110*100,1) -> 0 | DB77: =IF(CZ77>=90,"A",IF(CZ77>=80,"B",IF(CZ77>=70,"C",IF(CZ77>=60,"D",IF(CZ77>0,"F"," "))))) | DE77: =IF(A77="","",DA77-ROW()/100000000)
B78: =IF(COUNTA(C3,D3,E3,F3,G3,H3,I3,J3,K3,L3,M3,N3,O3,P3,Q3)=0,"",COUNTA(C3,D3,E3,F3,G3,H3,I3,J3,K3,L3,M3,N3,O3,P3,Q3)) | R78: =IFERROR(SUM(C78,D78,E78,F78,G78,H78,I78,J78,K78,L78,M78,N78,O78,P78,Q78)/B78*30,0) -> 0 | S78: =IF(COUNTA(T3,U3,V3,W3,X3,Y3,Z3,AA3,AB3,AC3,AD3,AE3,AF3,AG3,AH3)=0,"",COUNTA(T3,U3,V3,W3,X3,Y3,Z3,AA3,AB3,AC3,AD3,AE3,AF3,AG3,AH3)) | AI78: =IFERROR(SUM(T78,U78,V78,W78,X78,Y78,Z78,AA78,AB78,AC78,AD78,AE78,AF78,AG78,AH78)/S78*30,0) -> 0 | AJ78: =IF(COUNTA(AK3,AN3,AQ3,AT3,AW3,AZ3,BC3,BF3,BI3,BL3,BO3,BR3,BU3,BX3,CA3,CD3,CG3,CJ3,CM3,CP3)=0,"",COUNTA(AK3,AN3,AQ3,AT3,AW3,AZ3,BC3,BF3,BI3,BL3,BO3,BR3,BU3,BX3,CA3,CD3,CG3,CJ3,CM3,CP3)) | CS78: =IFERROR(SUM(AK78,AN78,AQ78,AT78,AW78,AZ78,BC78,BF78,BI78,BL78,BO78,BR78,BU78,BX78,CA78,CD78,CG78,CJ78,CM78,CP78)/AJ78*10,0) -> 0 | CT78: =IFERROR(SUM(AL78,AO78,AR78,AU78,AX78,BA78,BD78,BG78,BJ78,BM78,BP78,BS78,BV78,BY78,CB78,CE78,CH78,CK78,CN78,CQ78)/AJ78/5*5,0) -> 0 | CU78: =IFERROR(SUM(AM78,AP78,AS78,AV78,AY78,BB78,BE78,BH78,BK78,BN78,BQ78,BT78,BW78,BZ78,CC78,CF78,CI78,CL78,CO78,CR78)/AJ78*5,0) -> 0 | CV78: =ROUND(SUM(CS78,CT78,CU78),2) -> 0 | CZ78: =ROUND(SUM(R78,AI78,CV78,CW78,CX78,CY78),2) -> 0 | DA78: =ROUND(CZ78/110*100,1) -> 0 | DB78: =IF(CZ78>=90,"A",IF(CZ78>=80,"B",IF(CZ78>=70,"C",IF(CZ78>=60,"D",IF(CZ78>0,"F"," "))))) | DE78: =IF(A78="","",DA78-ROW()/100000000)
B79: =IF(COUNTA(C3,D3,E3,F3,G3,H3,I3,J3,K3,L3,M3,N3,O3,P3,Q3)=0,"",COUNTA(C3,D3,E3,F3,G3,H3,I3,J3,K3,L3,M3,N3,O3,P3,Q3)) | R79: =IFERROR(SUM(C79,D79,E79,F79,G79,H79,I79,J79,K79,L79,M79,N79,O79,P79,Q79)/B79*30,0) -> 0 | S79: =IF(COUNTA(T3,U3,V3,W3,X3,Y3,Z3,AA3,AB3,AC3,AD3,AE3,AF3,AG3,AH3)=0,"",COUNTA(T3,U3,V3,W3,X3,Y3,Z3,AA3,AB3,AC3,AD3,AE3,AF3,AG3,AH3)) | AI79: =IFERROR(SUM(T79,U79,V79,W79,X79,Y79,Z79,AA79,AB79,AC79,AD79,AE79,AF79,AG79,AH79)/S79*30,0) -> 0 | AJ79: =IF(COUNTA(AK3,AN3,AQ3,AT3,AW3,AZ3,BC3,BF3,BI3,BL3,BO3,BR3,BU3,BX3,CA3,CD3,CG3,CJ3,CM3,CP3)=0,"",COUNTA(AK3,AN3,AQ3,AT3,AW3,AZ3,BC3,BF3,BI3,BL3,BO3,BR3,BU3,BX3,CA3,CD3,CG3,CJ3,CM3,CP3)) | CS79: =IFERROR(SUM(AK79,AN79,AQ79,AT79,AW79,AZ79,BC79,BF79,BI79,BL79,BO79,BR79,BU79,BX79,CA79,CD79,CG79,CJ79,CM79,CP79)/AJ79*10,0) -> 0 | CT79: =IFERROR(SUM(AL79,AO79,AR79,AU79,AX79,BA79,BD79,BG79,BJ79,BM79,BP79,BS79,BV79,BY79,CB79,CE79,CH79,CK79,CN79,CQ79)/AJ79/5*5,0) -> 0 | CU79: =IFERROR(SUM(AM79,AP79,AS79,AV79,AY79,BB79,BE79,BH79,BK79,BN79,BQ79,BT79,BW79,BZ79,CC79,CF79,CI79,CL79,CO79,CR79)/AJ79*5,0) -> 0 | CV79: =ROUND(SUM(CS79,CT79,CU79),2) -> 0 | CZ79: =ROUND(SUM(R79,AI79,CV79,CW79,CX79,CY79),2) -> 0 | DA79: =ROUND(CZ79/110*100,1) -> 0 | DB79: =IF(CZ79>=90,"A",IF(CZ79>=80,"B",IF(CZ79>=70,"C",IF(CZ79>=60,"D",IF(CZ79>0,"F"," "))))) | DE79: =IF(A79="","",DA79-ROW()/100000000)
B80: =IF(COUNTA(C3,D3,E3,F3,G3,H3,I3,J3,K3,L3,M3,N3,O3,P3,Q3)=0,"",COUNTA(C3,D3,E3,F3,G3,H3,I3,J3,K3,L3,M3,N3,O3,P3,Q3)) | R80: =IFERROR(SUM(C80,D80,E80,F80,G80,H80,I80,J80,K80,L80,M80,N80,O80,P80,Q80)/B80*30,0) -> 0 | S80: =IF(COUNTA(T3,U3,V3,W3,X3,Y3,Z3,AA3,AB3,AC3,AD3,AE3,AF3,AG3,AH3)=0,"",COUNTA(T3,U3,V3,W3,X3,Y3,Z3,AA3,AB3,AC3,AD3,AE3,AF3,AG3,AH3)) | AI80: =IFERROR(SUM(T80,U80,V80,W80,X80,Y80,Z80,AA80,AB80,AC80,AD80,AE80,AF80,AG80,AH80)/S80*30,0) -> 0 | AJ80: =IF(COUNTA(AK3,AN3,AQ3,AT3,AW3,AZ3,BC3,BF3,BI3,BL3,BO3,BR3,BU3,BX3,CA3,CD3,CG3,CJ3,CM3,CP3)=0,"",COUNTA(AK3,AN3,AQ3,AT3,AW3,AZ3,BC3,BF3,BI3,BL3,BO3,BR3,BU3,BX3,CA3,CD3,CG3,CJ3,CM3,CP3)) | CS80: =IFERROR(SUM(AK80,AN80,AQ80,AT80,AW80,AZ80,BC80,BF80,BI80,BL80,BO80,BR80,BU80,BX80,CA80,CD80,CG80,CJ80,CM80,CP80)/AJ80*10,0) -> 0 | CT80: =IFERROR(SUM(AL80,AO80,AR80,AU80,AX80,BA80,BD80,BG80,BJ80,BM80,BP80,BS80,BV80,BY80,CB80,CE80,CH80,CK80,CN80,CQ80)/AJ80/5*5,0) -> 0 | CU80: =IFERROR(SUM(AM80,AP80,AS80,AV80,AY80,BB80,BE80,BH80,BK80,BN80,BQ80,BT80,BW80,BZ80,CC80,CF80,CI80,CL80,CO80,CR80)/AJ80*5,0) -> 0 | CV80: =ROUND(SUM(CS80,CT80,CU80),2) -> 0 | CZ80: =ROUND(SUM(R80,AI80,CV80,CW80,CX80,CY80),2) -> 0 | DA80: =ROUND(CZ80/110*100,1) -> 0 | DB80: =IF(CZ80>=90,"A",IF(CZ80>=80,"B",IF(CZ80>=70,"C",IF(CZ80>=60,"D",IF(CZ80>0,"F"," "))))) | DE80: =IF(A80="","",DA80-ROW()/100000000)
B81: =IF(COUNTA(C3,D3,E3,F3,G3,H3,I3,J3,K3,L3,M3,N3,O3,P3,Q3)=0,"",COUNTA(C3,D3,E3,F3,G3,H3,I3,J3,K3,L3,M3,N3,O3,P3,Q3)) | R81: =IFERROR(SUM(C81,D81,E81,F81,G81,H81,I81,J81,K81,L81,M81,N81,O81,P81,Q81)/B81*30,0) -> 0 | S81: =IF(COUNTA(T3,U3,V3,W3,X3,Y3,Z3,AA3,AB3,AC3,AD3,AE3,AF3,AG3,AH3)=0,"",COUNTA(T3,U3,V3,W3,X3,Y3,Z3,AA3,AB3,AC3,AD3,AE3,AF3,AG3,AH3)) | AI81: =IFERROR(SUM(T81,U81,V81,W81,X81,Y81,Z81,AA81,AB81,AC81,AD81,AE81,AF81,AG81,AH81)/S81*30,0) -> 0 | AJ81: =IF(COUNTA(AK3,AN3,AQ3,AT3,AW3,AZ3,BC3,BF3,BI3,BL3,BO3,BR3,BU3,BX3,CA3,CD3,CG3,CJ3,CM3,CP3)=0,"",COUNTA(AK3,AN3,AQ3,AT3,AW3,AZ3,BC3,BF3,BI3,BL3,BO3,BR3,BU3,BX3,CA3,CD3,CG3,CJ3,CM3,CP3)) | CS81: =IFERROR(SUM(AK81,AN81,AQ81,AT81,AW81,AZ81,BC81,BF81,BI81,BL81,BO81,BR81,BU81,BX81,CA81,CD81,CG81,CJ81,CM81,CP81)/AJ81*10,0) -> 0 | CT81: =IFERROR(SUM(AL81,AO81,AR81,AU81,AX81,BA81,BD81,BG81,BJ81,BM81,BP81,BS81,BV81,BY81,CB81,CE81,CH81,CK81,CN81,CQ81)/AJ81/5*5,0) -> 0 | CU81: =IFERROR(SUM(AM81,AP81,AS81,AV81,AY81,BB81,BE81,BH81,BK81,BN81,BQ81,BT81,BW81,BZ81,CC81,CF81,CI81,CL81,CO81,CR81)/AJ81*5,0) -> 0 | CV81: =ROUND(SUM(CS81,CT81,CU81),2) -> 0 | CZ81: =ROUND(SUM(R81,AI81,CV81,CW81,CX81,CY81),2) -> 0 | DA81: =ROUND(CZ81/110*100,1) -> 0 | DB81: =IF(CZ81>=90,"A",IF(CZ81>=80,"B",IF(CZ81>=70,"C",IF(CZ81>=60,"D",IF(CZ81>0,"F"," "))))) | DE81: =IF(A81="","",DA81-ROW()/100000000)
B82: =IF(COUNTA(C3,D3,E3,F3,G3,H3,I3,J3,K3,L3,M3,N3,O3,P3,Q3)=0,"",COUNTA(C3,D3,E3,F3,G3,H3,I3,J3,K3,L3,M3,N3,O3,P3,Q3)) | R82: =IFERROR(SUM(C82,D82,E82,F82,G82,H82,I82,J82,K82,L82,M82,N82,O82,P82,Q82)/B82*30,0) -> 0 | S82: =IF(COUNTA(T3,U3,V3,W3,X3,Y3,Z3,AA3,AB3,AC3,AD3,AE3,AF3,AG3,AH3)=0,"",COUNTA(T3,U3,V3,W3,X3,Y3,Z3,AA3,AB3,AC3,AD3,AE3,AF3,AG3,AH3)) | AI82: =IFERROR(SUM(T82,U82,V82,W82,X82,Y82,Z82,AA82,AB82,AC82,AD82,AE82,AF82,AG82,AH82)/S82*30,0) -> 0 | AJ82: =IF(COUNTA(AK3,AN3,AQ3,AT3,AW3,AZ3,BC3,BF3,BI3,BL3,BO3,BR3,BU3,BX3,CA3,CD3,CG3,CJ3,CM3,CP3)=0,"",COUNTA(AK3,AN3,AQ3,AT3,AW3,AZ3,BC3,BF3,BI3,BL3,BO3,BR3,BU3,BX3,CA3,CD3,CG3,CJ3,CM3,CP3)) | CS82: =IFERROR(SUM(AK82,AN82,AQ82,AT82,AW82,AZ82,BC82,BF82,BI82,BL82,BO82,BR82,BU82,BX82,CA82,CD82,CG82,CJ82,CM82,CP82)/AJ82*10,0) -> 0 | CT82: =IFERROR(SUM(AL82,AO82,AR82,AU82,AX82,BA82,BD82,BG82,BJ82,BM82,BP82,BS82,BV82,BY82,CB82,CE82,CH82,CK82,CN82,CQ82)/AJ82/5*5,0) -> 0 | CU82: =IFERROR(SUM(AM82,AP82,AS82,AV82,AY82,BB82,BE82,BH82,BK82,BN82,BQ82,BT82,BW82,BZ82,CC82,CF82,CI82,CL82,CO82,CR82)/AJ82*5,0) -> 0 | CV82: =ROUND(SUM(CS82,CT82,CU82),2) -> 0 | CZ82: =ROUND(SUM(R82,AI82,CV82,CW82,CX82,CY82),2) -> 0 | DA82: =ROUND(CZ82/110*100,1) -> 0 | DB82: =IF(CZ82>=90,"A",IF(CZ82>=80,"B",IF(CZ82>=70,"C",IF(CZ82>=60,"D",IF(CZ82>0,"F"," "))))) | DE82: =IF(A82="","",DA82-ROW()/100000000)
B83: =IF(COUNTA(C3,D3,E3,F3,G3,H3,I3,J3,K3,L3,M3,N3,O3,P3,Q3)=0,"",COUNTA(C3,D3,E3,F3,G3,H3,I3,J3,K3,L3,M3,N3,O3,P3,Q3)) | R83: =IFERROR(SUM(C83,D83,E83,F83,G83,H83,I83,J83,K83,L83,M83,N83,O83,P83,Q83)/B83*30,0) -> 0 | S83: =IF(COUNTA(T3,U3,V3,W3,X3,Y3,Z3,AA3,AB3,AC3,AD3,AE3,AF3,AG3,AH3)=0,"",COUNTA(T3,U3,V3,W3,X3,Y3,Z3,AA3,AB3,AC3,AD3,AE3,AF3,AG3,AH3)) | AI83: =IFERROR(SUM(T83,U83,V83,W83,X83,Y83,Z83,AA83,AB83,AC83,AD83,AE83,AF83,AG83,AH83)/S83*30,0) -> 0 | AJ83: =IF(COUNTA(AK3,AN3,AQ3,AT3,AW3,AZ3,BC3,BF3,BI3,BL3,BO3,BR3,BU3,BX3,CA3,CD3,CG3,CJ3,CM3,CP3)=0,"",COUNTA(AK3,AN3,AQ3,AT3,AW3,AZ3,BC3,BF3,BI3,BL3,BO3,BR3,BU3,BX3,CA3,CD3,CG3,CJ3,CM3,CP3)) | CS83: =IFERROR(SUM(AK83,AN83,AQ83,AT83,AW83,AZ83,BC83,BF83,BI83,BL83,BO83,BR83,BU83,BX83,CA83,CD83,CG83,CJ83,CM83,CP83)/AJ83*10,0) -> 0 | CT83: =IFERROR(SUM(AL83,AO83,AR83,AU83,AX83,BA83,BD83,BG83,BJ83,BM83,BP83,BS83,BV83,BY83,CB83,CE83,CH83,CK83,CN83,CQ83)/AJ83/5*5,0) -> 0 | CU83: =IFERROR(SUM(AM83,AP83,AS83,AV83,AY83,BB83,BE83,BH83,BK83,BN83,BQ83,BT83,BW83,BZ83,CC83,CF83,CI83,CL83,CO83,CR83)/AJ83*5,0) -> 0 | CV83: =ROUND(SUM(CS83,CT83,CU83),2) -> 0 | CZ83: =ROUND(SUM(R83,AI83,CV83,CW83,CX83,CY83),2) -> 0 | DA83: =ROUND(CZ83/110*100,1) -> 0 | DB83: =IF(CZ83>=90,"A",IF(CZ83>=80,"B",IF(CZ83>=70,"C",IF(CZ83>=60,"D",IF(CZ83>0,"F"," "))))) | DE83: =IF(A83="","",DA83-ROW()/100000000)
B84: =IF(COUNTA(C3,D3,E3,F3,G3,H3,I3,J3,K3,L3,M3,N3,O3,P3,Q3)=0,"",COUNTA(C3,D3,E3,F3,G3,H3,I3,J3,K3,L3,M3,N3,O3,P3,Q3)) | R84: =IFERROR(SUM(C84,D84,E84,F84,G84,H84,I84,J84,K84,L84,M84,N84,O84,P84,Q84)/B84*30,0) -> 0 | S84: =IF(COUNTA(T3,U3,V3,W3,X3,Y3,Z3,AA3,AB3,AC3,AD3,AE3,AF3,AG3,AH3)=0,"",COUNTA(T3,U3,V3,W3,X3,Y3,Z3,AA3,AB3,AC3,AD3,AE3,AF3,AG3,AH3)) | AI84: =IFERROR(SUM(T84,U84,V84,W84,X84,Y84,Z84,AA84,AB84,AC84,AD84,AE84,AF84,AG84,AH84)/S84*30,0) -> 0 | AJ84: =IF(COUNTA(AK3,AN3,AQ3,AT3,AW3,AZ3,BC3,BF3,BI3,BL3,BO3,BR3,BU3,BX3,CA3,CD3,CG3,CJ3,CM3,CP3)=0,"",COUNTA(AK3,AN3,AQ3,AT3,AW3,AZ3,BC3,BF3,BI3,BL3,BO3,BR3,BU3,BX3,CA3,CD3,CG3,CJ3,CM3,CP3)) | CS84: =IFERROR(SUM(AK84,AN84,AQ84,AT84,AW84,AZ84,BC84,BF84,BI84,BL84,BO84,BR84,BU84,BX84,CA84,CD84,CG84,CJ84,CM84,CP84)/AJ84*10,0) -> 0 | CT84: =IFERROR(SUM(AL84,AO84,AR84,AU84,AX84,BA84,BD84,BG84,BJ84,BM84,BP84,BS84,BV84,BY84,CB84,CE84,CH84,CK84,CN84,CQ84)/AJ84/5*5,0) -> 0 | CU84: =IFERROR(SUM(AM84,AP84,AS84,AV84,AY84,BB84,BE84,BH84,BK84,BN84,BQ84,BT84,BW84,BZ84,CC84,CF84,CI84,CL84,CO84,CR84)/AJ84*5,0) -> 0 | CV84: =ROUND(SUM(CS84,CT84,CU84),2) -> 0 | CZ84: =ROUND(SUM(R84,AI84,CV84,CW84,CX84,CY84),2) -> 0 | DA84: =ROUND(CZ84/110*100,1) -> 0 | DB84: =IF(CZ84>=90,"A",IF(CZ84>=80,"B",IF(CZ84>=70,"C",IF(CZ84>=60,"D",IF(CZ84>0,"F"," "))))) | DE84: =IF(A84="","",DA84-ROW()/100000000)
B85: =IF(COUNTA(C3,D3,E3,F3,G3,H3,I3,J3,K3,L3,M3,N3,O3,P3,Q3)=0,"",COUNTA(C3,D3,E3,F3,G3,H3,I3,J3,K3,L3,M3,N3,O3,P3,Q3)) | R85: =IFERROR(SUM(C85,D85,E85,F85,G85,H85,I85,J85,K85,L85,M85,N85,O85,P85,Q85)/B85*30,0) -> 0 | S85: =IF(COUNTA(T3,U3,V3,W3,X3,Y3,Z3,AA3,AB3,AC3,AD3,AE3,AF3,AG3,AH3)=0,"",COUNTA(T3,U3,V3,W3,X3,Y3,Z3,AA3,AB3,AC3,AD3,AE3,AF3,AG3,AH3)) | AI85: =IFERROR(SUM(T85,U85,V85,W85,X85,Y85,Z85,AA85,AB85,AC85,AD85,AE85,AF85,AG85,AH85)/S85*30,0) -> 0 | AJ85: =IF(COUNTA(AK3,AN3,AQ3,AT3,AW3,AZ3,BC3,BF3,BI3,BL3,BO3,BR3,BU3,BX3,CA3,CD3,CG3,CJ3,CM3,CP3)=0,"",COUNTA(AK3,AN3,AQ3,AT3,AW3,AZ3,BC3,BF3,BI3,BL3,BO3,BR3,BU3,BX3,CA3,CD3,CG3,CJ3,CM3,CP3)) | CS85: =IFERROR(SUM(AK85,AN85,AQ85,AT85,AW85,AZ85,BC85,BF85,BI85,BL85,BO85,BR85,BU85,BX85,CA85,CD85,CG85,CJ85,CM85,CP85)/AJ85*10,0) -> 0 | CT85: =IFERROR(SUM(AL85,AO85,AR85,AU85,AX85,BA85,BD85,BG85,BJ85,BM85,BP85,BS85,BV85,BY85,CB85,CE85,CH85,CK85,CN85,CQ85)/AJ85/5*5,0) -> 0 | CU85: =IFERROR(SUM(AM85,AP85,AS85,AV85,AY85,BB85,BE85,BH85,BK85,BN85,BQ85,BT85,BW85,BZ85,CC85,CF85,CI85,CL85,CO85,CR85)/AJ85*5,0) -> 0 | CV85: =ROUND(SUM(CS85,CT85,CU85),2) -> 0 | CZ85: =ROUND(SUM(R85,AI85,CV85,CW85,CX85,CY85),2) -> 0 | DA85: =ROUND(CZ85/110*100,1) -> 0 | DB85: =IF(CZ85>=90,"A",IF(CZ85>=80,"B",IF(CZ85>=70,"C",IF(CZ85>=60,"D",IF(CZ85>0,"F"," "))))) | DE85: =IF(A85="","",DA85-ROW()/100000000)
B86: =IF(COUNTA(C3,D3,E3,F3,G3,H3,I3,J3,K3,L3,M3,N3,O3,P3,Q3)=0,"",COUNTA(C3,D3,E3,F3,G3,H3,I3,J3,K3,L3,M3,N3,O3,P3,Q3)) | R86: =IFERROR(SUM(C86,D86,E86,F86,G86,H86,I86,J86,K86,L86,M86,N86,O86,P86,Q86)/B86*30,0) -> 0 | S86: =IF(COUNTA(T3,U3,V3,W3,X3,Y3,Z3,AA3,AB3,AC3,AD3,AE3,AF3,AG3,AH3)=0,"",COUNTA(T3,U3,V3,W3,X3,Y3,Z3,AA3,AB3,AC3,AD3,AE3,AF3,AG3,AH3)) | AI86: =IFERROR(SUM(T86,U86,V86,W86,X86,Y86,Z86,AA86,AB86,AC86,AD86,AE86,AF86,AG86,AH86)/S86*30,0) -> 0 | AJ86: =IF(COUNTA(AK3,AN3,AQ3,AT3,AW3,AZ3,BC3,BF3,BI3,BL3,BO3,BR3,BU3,BX3,CA3,CD3,CG3,CJ3,CM3,CP3)=0,"",COUNTA(AK3,AN3,AQ3,AT3,AW3,AZ3,BC3,BF3,BI3,BL3,BO3,BR3,BU3,BX3,CA3,CD3,CG3,CJ3,CM3,CP3)) | CS86: =IFERROR(SUM(AK86,AN86,AQ86,AT86,AW86,AZ86,BC86,BF86,BI86,BL86,BO86,BR86,BU86,BX86,CA86,CD86,CG86,CJ86,CM86,CP86)/AJ86*10,0) -> 0 | CT86: =IFERROR(SUM(AL86,AO86,AR86,AU86,AX86,BA86,BD86,BG86,BJ86,BM86,BP86,BS86,BV86,BY86,CB86,CE86,CH86,CK86,CN86,CQ86)/AJ86/5*5,0) -> 0 | CU86: =IFERROR(SUM(AM86,AP86,AS86,AV86,AY86,BB86,BE86,BH86,BK86,BN86,BQ86,BT86,BW86,BZ86,CC86,CF86,CI86,CL86,CO86,CR86)/AJ86*5,0) -> 0 | CV86: =ROUND(SUM(CS86,CT86,CU86),2) -> 0 | CZ86: =ROUND(SUM(R86,AI86,CV86,CW86,CX86,CY86),2) -> 0 | DA86: =ROUND(CZ86/110*100,1) -> 0 | DB86: =IF(CZ86>=90,"A",IF(CZ86>=80,"B",IF(CZ86>=70,"C",IF(CZ86>=60,"D",IF(CZ86>0,"F"," "))))) | DE86: =IF(A86="","",DA86-ROW()/100000000)
B87: =IF(COUNTA(C3,D3,E3,F3,G3,H3,I3,J3,K3,L3,M3,N3,O3,P3,Q3)=0,"",COUNTA(C3,D3,E3,F3,G3,H3,I3,J3,K3,L3,M3,N3,O3,P3,Q3)) | R87: =IFERROR(SUM(C87,D87,E87,F87,G87,H87,I87,J87,K87,L87,M87,N87,O87,P87,Q87)/B87*30,0) -> 0 | S87: =IF(COUNTA(T3,U3,V3,W3,X3,Y3,Z3,AA3,AB3,AC3,AD3,AE3,AF3,AG3,AH3)=0,"",COUNTA(T3,U3,V3,W3,X3,Y3,Z3,AA3,AB3,AC3,AD3,AE3,AF3,AG3,AH3)) | AI87: =IFERROR(SUM(T87,U87,V87,W87,X87,Y87,Z87,AA87,AB87,AC87,AD87,AE87,AF87,AG87,AH87)/S87*30,0) -> 0 | AJ87: =IF(COUNTA(AK3,AN3,AQ3,AT3,AW3,AZ3,BC3,BF3,BI3,BL3,BO3,BR3,BU3,BX3,CA3,CD3,CG3,CJ3,CM3,CP3)=0,"",COUNTA(AK3,AN3,AQ3,AT3,AW3,AZ3,BC3,BF3,BI3,BL3,BO3,BR3,BU3,BX3,CA3,CD3,CG3,CJ3,CM3,CP3)) | CS87: =IFERROR(SUM(AK87,AN87,AQ87,AT87,AW87,AZ87,BC87,BF87,BI87,BL87,BO87,BR87,BU87,BX87,CA87,CD87,CG87,CJ87,CM87,CP87)/AJ87*10,0) -> 0 | CT87: =IFERROR(SUM(AL87,AO87,AR87,AU87,AX87,BA87,BD87,BG87,BJ87,BM87,BP87,BS87,BV87,BY87,CB87,CE87,CH87,CK87,CN87,CQ87)/AJ87/5*5,0) -> 0 | CU87: =IFERROR(SUM(AM87,AP87,AS87,AV87,AY87,BB87,BE87,BH87,BK87,BN87,BQ87,BT87,BW87,BZ87,CC87,CF87,CI87,CL87,CO87,CR87)/AJ87*5,0) -> 0 | CV87: =ROUND(SUM(CS87,CT87,CU87),2) -> 0 | CZ87: =ROUND(SUM(R87,AI87,CV87,CW87,CX87,CY87),2) -> 0 | DA87: =ROUND(CZ87/110*100,1) -> 0 | DB87: =IF(CZ87>=90,"A",IF(CZ87>=80,"B",IF(CZ87>=70,"C",IF(CZ87>=60,"D",IF(CZ87>0,"F"," "))))) | DE87: =IF(A87="","",DA87-ROW()/100000000)
B88: =IF(COUNTA(C3,D3,E3,F3,G3,H3,I3,J3,K3,L3,M3,N3,O3,P3,Q3)=0,"",COUNTA(C3,D3,E3,F3,G3,H3,I3,J3,K3,L3,M3,N3,O3,P3,Q3)) | R88: =IFERROR(SUM(C88,D88,E88,F88,G88,H88,I88,J88,K88,L88,M88,N88,O88,P88,Q88)/B88*30,0) -> 0 | S88: =IF(COUNTA(T3,U3,V3,W3,X3,Y3,Z3,AA3,AB3,AC3,AD3,AE3,AF3,AG3,AH3)=0,"",COUNTA(T3,U3,V3,W3,X3,Y3,Z3,AA3,AB3,AC3,AD3,AE3,AF3,AG3,AH3)) | AI88: =IFERROR(SUM(T88,U88,V88,W88,X88,Y88,Z88,AA88,AB88,AC88,AD88,AE88,AF88,AG88,AH88)/S88*30,0) -> 0 | AJ88: =IF(COUNTA(AK3,AN3,AQ3,AT3,AW3,AZ3,BC3,BF3,BI3,BL3,BO3,BR3,BU3,BX3,CA3,CD3,CG3,CJ3,CM3,CP3)=0,"",COUNTA(AK3,AN3,AQ3,AT3,AW3,AZ3,BC3,BF3,BI3,BL3,BO3,BR3,BU3,BX3,CA3,CD3,CG3,CJ3,CM3,CP3)) | CS88: =IFERROR(SUM(AK88,AN88,AQ88,AT88,AW88,AZ88,BC88,BF88,BI88,BL88,BO88,BR88,BU88,BX88,CA88,CD88,CG88,CJ88,CM88,CP88)/AJ88*10,0) -> 0 | CT88: =IFERROR(SUM(AL88,AO88,AR88,AU88,AX88,BA88,BD88,BG88,BJ88,BM88,BP88,BS88,BV88,BY88,CB88,CE88,CH88,CK88,CN88,CQ88)/AJ88/5*5,0) -> 0 | CU88: =IFERROR(SUM(AM88,AP88,AS88,AV88,AY88,BB88,BE88,BH88,BK88,BN88,BQ88,BT88,BW88,BZ88,CC88,CF88,CI88,CL88,CO88,CR88)/AJ88*5,0) -> 0 | CV88: =ROUND(SUM(CS88,CT88,CU88),2) -> 0 | CZ88: =ROUND(SUM(R88,AI88,CV88,CW88,CX88,CY88),2) -> 0 | DA88: =ROUND(CZ88/110*100,1) -> 0 | DB88: =IF(CZ88>=90,"A",IF(CZ88>=80,"B",IF(CZ88>=70,"C",IF(CZ88>=60,"D",IF(CZ88>0,"F"," "))))) | DE88: =IF(A88="","",DA88-ROW()/100000000)
B89: =IF(COUNTA(C3,D3,E3,F3,G3,H3,I3,J3,K3,L3,M3,N3,O3,P3,Q3)=0,"",COUNTA(C3,D3,E3,F3,G3,H3,I3,J3,K3,L3,M3,N3,O3,P3,Q3)) | R89: =IFERROR(SUM(C89,D89,E89,F89,G89,H89,I89,J89,K89,L89,M89,N89,O89,P89,Q89)/B89*30,0) -> 0 | S89: =IF(COUNTA(T3,U3,V3,W3,X3,Y3,Z3,AA3,AB3,AC3,AD3,AE3,AF3,AG3,AH3)=0,"",COUNTA(T3,U3,V3,W3,X3,Y3,Z3,AA3,AB3,AC3,AD3,AE3,AF3,AG3,AH3)) | AI89: =IFERROR(SUM(T89,U89,V89,W89,X89,Y89,Z89,AA89,AB89,AC89,AD89,AE89,AF89,AG89,AH89)/S89*30,0) -> 0 | AJ89: =IF(COUNTA(AK3,AN3,AQ3,AT3,AW3,AZ3,BC3,BF3,BI3,BL3,BO3,BR3,BU3,BX3,CA3,CD3,CG3,CJ3,CM3,CP3)=0,"",COUNTA(AK3,AN3,AQ3,AT3,AW3,AZ3,BC3,BF3,BI3,BL3,BO3,BR3,BU3,BX3,CA3,CD3,CG3,CJ3,CM3,CP3)) | CS89: =IFERROR(SUM(AK89,AN89,AQ89,AT89,AW89,AZ89,BC89,BF89,BI89,BL89,BO89,BR89,BU89,BX89,CA89,CD89,CG89,CJ89,CM89,CP89)/AJ89*10,0) -> 0 | CT89: =IFERROR(SUM(AL89,AO89,AR89,AU89,AX89,BA89,BD89,BG89,BJ89,BM89,BP89,BS89,BV89,BY89,CB89,CE89,CH89,CK89,CN89,CQ89)/AJ89/5*5,0) -> 0 | CU89: =IFERROR(SUM(AM89,AP89,AS89,AV89,AY89,BB89,BE89,BH89,BK89,BN89,BQ89,BT89,BW89,BZ89,CC89,CF89,CI89,CL89,CO89,CR89)/AJ89*5,0) -> 0 | CV89: =ROUND(SUM(CS89,CT89,CU89),2) -> 0 | CZ89: =ROUND(SUM(R89,AI89,CV89,CW89,CX89,CY89),2) -> 0 | DA89: =ROUND(CZ89/110*100,1) -> 0 | DB89: =IF(CZ89>=90,"A",IF(CZ89>=80,"B",IF(CZ89>=70,"C",IF(CZ89>=60,"D",IF(CZ89>0,"F"," "))))) | DE89: =IF(A89="","",DA89-ROW()/100000000)
B90: =IF(COUNTA(C3,D3,E3,F3,G3,H3,I3,J3,K3,L3,M3,N3,O3,P3,Q3)=0,"",COUNTA(C3,D3,E3,F3,G3,H3,I3,J3,K3,L3,M3,N3,O3,P3,Q3)) | R90: =IFERROR(SUM(C90,D90,E90,F90,G90,H90,I90,J90,K90,L90,M90,N90,O90,P90,Q90)/B90*30,0) -> 0 | S90: =IF(COUNTA(T3,U3,V3,W3,X3,Y3,Z3,AA3,AB3,AC3,AD3,AE3,AF3,AG3,AH3)=0,"",COUNTA(T3,U3,V3,W3,X3,Y3,Z3,AA3,AB3,AC3,AD3,AE3,AF3,AG3,AH3)) | AI90: =IFERROR(SUM(T90,U90,V90,W90,X90,Y90,Z90,AA90,AB90,AC90,AD90,AE90,AF90,AG90,AH90)/S90*30,0) -> 0 | AJ90: =IF(COUNTA(AK3,AN3,AQ3,AT3,AW3,AZ3,BC3,BF3,BI3,BL3,BO3,BR3,BU3,BX3,CA3,CD3,CG3,CJ3,CM3,CP3)=0,"",COUNTA(AK3,AN3,AQ3,AT3,AW3,AZ3,BC3,BF3,BI3,BL3,BO3,BR3,BU3,BX3,CA3,CD3,CG3,CJ3,CM3,CP3)) | CS90: =IFERROR(SUM(AK90,AN90,AQ90,AT90,AW90,AZ90,BC90,BF90,BI90,BL90,BO90,BR90,BU90,BX90,CA90,CD90,CG90,CJ90,CM90,CP90)/AJ90*10,0) -> 0 | CT90: =IFERROR(SUM(AL90,AO90,AR90,AU90,AX90,BA90,BD90,BG90,BJ90,BM90,BP90,BS90,BV90,BY90,CB90,CE90,CH90,CK90,CN90,CQ90)/AJ90/5*5,0) -> 0 | CU90: =IFERROR(SUM(AM90,AP90,AS90,AV90,AY90,BB90,BE90,BH90,BK90,BN90,BQ90,BT90,BW90,BZ90,CC90,CF90,CI90,CL90,CO90,CR90)/AJ90*5,0) -> 0 | CV90: =ROUND(SUM(CS90,CT90,CU90),2) -> 0 | CZ90: =ROUND(SUM(R90,AI90,CV90,CW90,CX90,CY90),2) -> 0 | DA90: =ROUND(CZ90/110*100,1) -> 0 | DB90: =IF(CZ90>=90,"A",IF(CZ90>=80,"B",IF(CZ90>=70,"C",IF(CZ90>=60,"D",IF(CZ90>0,"F"," "))))) | DE90: =IF(A90="","",DA90-ROW()/100000000)
B91: =IF(COUNTA(C3,D3,E3,F3,G3,H3,I3,J3,K3,L3,M3,N3,O3,P3,Q3)=0,"",COUNTA(C3,D3,E3,F3,G3,H3,I3,J3,K3,L3,M3,N3,O3,P3,Q3)) | R91: =IFERROR(SUM(C91,D91,E91,F91,G91,H91,I91,J91,K91,L91,M91,N91,O91,P91,Q91)/B91*30,0) -> 0 | S91: =IF(COUNTA(T3,U3,V3,W3,X3,Y3,Z3,AA3,AB3,AC3,AD3,AE3,AF3,AG3,AH3)=0,"",COUNTA(T3,U3,V3,W3,X3,Y3,Z3,AA3,AB3,AC3,AD3,AE3,AF3,AG3,AH3)) | AI91: =IFERROR(SUM(T91,U91,V91,W91,X91,Y91,Z91,AA91,AB91,AC91,AD91,AE91,AF91,AG91,AH91)/S91*30,0) -> 0 | AJ91: =IF(COUNTA(AK3,AN3,AQ3,AT3,AW3,AZ3,BC3,BF3,BI3,BL3,BO3,BR3,BU3,BX3,CA3,CD3,CG3,CJ3,CM3,CP3)=0,"",COUNTA(AK3,AN3,AQ3,AT3,AW3,AZ3,BC3,BF3,BI3,BL3,BO3,BR3,BU3,BX3,CA3,CD3,CG3,CJ3,CM3,CP3)) | CS91: =IFERROR(SUM(AK91,AN91,AQ91,AT91,AW91,AZ91,BC91,BF91,BI91,BL91,BO91,BR91,BU91,BX91,CA91,CD91,CG91,CJ91,CM91,CP91)/AJ91*10,0) -> 0 | CT91: =IFERROR(SUM(AL91,AO91,AR91,AU91,AX91,BA91,BD91,BG91,BJ91,BM91,BP91,BS91,BV91,BY91,CB91,CE91,CH91,CK91,CN91,CQ91)/AJ91/5*5,0) -> 0 | CU91: =IFERROR(SUM(AM91,AP91,AS91,AV91,AY91,BB91,BE91,BH91,BK91,BN91,BQ91,BT91,BW91,BZ91,CC91,CF91,CI91,CL91,CO91,CR91)/AJ91*5,0) -> 0 | CV91: =ROUND(SUM(CS91,CT91,CU91),2) -> 0 | CZ91: =ROUND(SUM(R91,AI91,CV91,CW91,CX91,CY91),2) -> 0 | DA91: =ROUND(CZ91/110*100,1) -> 0 | DB91: =IF(CZ91>=90,"A",IF(CZ91>=80,"B",IF(CZ91>=70,"C",IF(CZ91>=60,"D",IF(CZ91>0,"F"," "))))) | DE91: =IF(A91="","",DA91-ROW()/100000000)
B92: =IF(COUNTA(C3,D3,E3,F3,G3,H3,I3,J3,K3,L3,M3,N3,O3,P3,Q3)=0,"",COUNTA(C3,D3,E3,F3,G3,H3,I3,J3,K3,L3,M3,N3,O3,P3,Q3)) | R92: =IFERROR(SUM(C92,D92,E92,F92,G92,H92,I92,J92,K92,L92,M92,N92,O92,P92,Q92)/B92*30,0) -> 0 | S92: =IF(COUNTA(T3,U3,V3,W3,X3,Y3,Z3,AA3,AB3,AC3,AD3,AE3,AF3,AG3,AH3)=0,"",COUNTA(T3,U3,V3,W3,X3,Y3,Z3,AA3,AB3,AC3,AD3,AE3,AF3,AG3,AH3)) | AI92: =IFERROR(SUM(T92,U92,V92,W92,X92,Y92,Z92,AA92,AB92,AC92,AD92,AE92,AF92,AG92,AH92)/S92*30,0) -> 0 | AJ92: =IF(COUNTA(AK3,AN3,AQ3,AT3,AW3,AZ3,BC3,BF3,BI3,BL3,BO3,BR3,BU3,BX3,CA3,CD3,CG3,CJ3,CM3,CP3)=0,"",COUNTA(AK3,AN3,AQ3,AT3,AW3,AZ3,BC3,BF3,BI3,BL3,BO3,BR3,BU3,BX3,CA3,CD3,CG3,CJ3,CM3,CP3)) | CS92: =IFERROR(SUM(AK92,AN92,AQ92,AT92,AW92,AZ92,BC92,BF92,BI92,BL92,BO92,BR92,BU92,BX92,CA92,CD92,CG92,CJ92,CM92,CP92)/AJ92*10,0) -> 0 | CT92: =IFERROR(SUM(AL92,AO92,AR92,AU92,AX92,BA92,BD92,BG92,BJ92,BM92,BP92,BS92,BV92,BY92,CB92,CE92,CH92,CK92,CN92,CQ92)/AJ92/5*5,0) -> 0 | CU92: =IFERROR(SUM(AM92,AP92,AS92,AV92,AY92,BB92,BE92,BH92,BK92,BN92,BQ92,BT92,BW92,BZ92,CC92,CF92,CI92,CL92,CO92,CR92)/AJ92*5,0) -> 0 | CV92: =ROUND(SUM(CS92,CT92,CU92),2) -> 0 | CZ92: =ROUND(SUM(R92,AI92,CV92,CW92,CX92,CY92),2) -> 0 | DA92: =ROUND(CZ92/110*100,1) -> 0 | DB92: =IF(CZ92>=90,"A",IF(CZ92>=80,"B",IF(CZ92>=70,"C",IF(CZ92>=60,"D",IF(CZ92>0,"F"," "))))) | DE92: =IF(A92="","",DA92-ROW()/100000000)
B93: =IF(COUNTA(C3,D3,E3,F3,G3,H3,I3,J3,K3,L3,M3,N3,O3,P3,Q3)=0,"",COUNTA(C3,D3,E3,F3,G3,H3,I3,J3,K3,L3,M3,N3,O3,P3,Q3)) | R93: =IFERROR(SUM(C93,D93,E93,F93,G93,H93,I93,J93,K93,L93,M93,N93,O93,P93,Q93)/B93*30,0) -> 0 | S93: =IF(COUNTA(T3,U3,V3,W3,X3,Y3,Z3,AA3,AB3,AC3,AD3,AE3,AF3,AG3,AH3)=0,"",COUNTA(T3,U3,V3,W3,X3,Y3,Z3,AA3,AB3,AC3,AD3,AE3,AF3,AG3,AH3)) | AI93: =IFERROR(SUM(T93,U93,V93,W93,X93,Y93,Z93,AA93,AB93,AC93,AD93,AE93,AF93,AG93,AH93)/S93*30,0) -> 0 | AJ93: =IF(COUNTA(AK3,AN3,AQ3,AT3,AW3,AZ3,BC3,BF3,BI3,BL3,BO3,BR3,BU3,BX3,CA3,CD3,CG3,CJ3,CM3,CP3)=0,"",COUNTA(AK3,AN3,AQ3,AT3,AW3,AZ3,BC3,BF3,BI3,BL3,BO3,BR3,BU3,BX3,CA3,CD3,CG3,CJ3,CM3,CP3)) | CS93: =IFERROR(SUM(AK93,AN93,AQ93,AT93,AW93,AZ93,BC93,BF93,BI93,BL93,BO93,BR93,BU93,BX93,CA93,CD93,CG93,CJ93,CM93,CP93)/AJ93*10,0) -> 0 | CT93: =IFERROR(SUM(AL93,AO93,AR93,AU93,AX93,BA93,BD93,BG93,BJ93,BM93,BP93,BS93,BV93,BY93,CB93,CE93,CH93,CK93,CN93,CQ93)/AJ93/5*5,0) -> 0 | CU93: =IFERROR(SUM(AM93,AP93,AS93,AV93,AY93,BB93,BE93,BH93,BK93,BN93,BQ93,BT93,BW93,BZ93,CC93,CF93,CI93,CL93,CO93,CR93)/AJ93*5,0) -> 0 | CV93: =ROUND(SUM(CS93,CT93,CU93),2) -> 0 | CZ93: =ROUND(SUM(R93,AI93,CV93,CW93,CX93,CY93),2) -> 0 | DA93: =ROUND(CZ93/110*100,1) -> 0 | DB93: =IF(CZ93>=90,"A",IF(CZ93>=80,"B",IF(CZ93>=70,"C",IF(CZ93>=60,"D",IF(CZ93>0,"F"," "))))) | DE93: =IF(A93="","",DA93-ROW()/100000000)
B94: =IF(COUNTA(C3,D3,E3,F3,G3,H3,I3,J3,K3,L3,M3,N3,O3,P3,Q3)=0,"",COUNTA(C3,D3,E3,F3,G3,H3,I3,J3,K3,L3,M3,N3,O3,P3,Q3)) | R94: =IFERROR(SUM(C94,D94,E94,F94,G94,H94,I94,J94,K94,L94,M94,N94,O94,P94,Q94)/B94*30,0) -> 0 | S94: =IF(COUNTA(T3,U3,V3,W3,X3,Y3,Z3,AA3,AB3,AC3,AD3,AE3,AF3,AG3,AH3)=0,"",COUNTA(T3,U3,V3,W3,X3,Y3,Z3,AA3,AB3,AC3,AD3,AE3,AF3,AG3,AH3)) | AI94: =IFERROR(SUM(T94,U94,V94,W94,X94,Y94,Z94,AA94,AB94,AC94,AD94,AE94,AF94,AG94,AH94)/S94*30,0) -> 0 | AJ94: =IF(COUNTA(AK3,AN3,AQ3,AT3,AW3,AZ3,BC3,BF3,BI3,BL3,BO3,BR3,BU3,BX3,CA3,CD3,CG3,CJ3,CM3,CP3)=0,"",COUNTA(AK3,AN3,AQ3,AT3,AW3,AZ3,BC3,BF3,BI3,BL3,BO3,BR3,BU3,BX3,CA3,CD3,CG3,CJ3,CM3,CP3)) | CS94: =IFERROR(SUM(AK94,AN94,AQ94,AT94,AW94,AZ94,BC94,BF94,BI94,BL94,BO94,BR94,BU94,BX94,CA94,CD94,CG94,CJ94,CM94,CP94)/AJ94*10,0) -> 0 | CT94: =IFERROR(SUM(AL94,AO94,AR94,AU94,AX94,BA94,BD94,BG94,BJ94,BM94,BP94,BS94,BV94,BY94,CB94,CE94,CH94,CK94,CN94,CQ94)/AJ94/5*5,0) -> 0 | CU94: =IFERROR(SUM(AM94,AP94,AS94,AV94,AY94,BB94,BE94,BH94,BK94,BN94,BQ94,BT94,BW94,BZ94,CC94,CF94,CI94,CL94,CO94,CR94)/AJ94*5,0) -> 0 | CV94: =ROUND(SUM(CS94,CT94,CU94),2) -> 0 | CZ94: =ROUND(SUM(R94,AI94,CV94,CW94,CX94,CY94),2) -> 0 | DA94: =ROUND(CZ94/110*100,1) -> 0 | DB94: =IF(CZ94>=90,"A",IF(CZ94>=80,"B",IF(CZ94>=70,"C",IF(CZ94>=60,"D",IF(CZ94>0,"F"," "))))) | DE94: =IF(A94="","",DA94-ROW()/100000000)
B95: =IF(COUNTA(C3,D3,E3,F3,G3,H3,I3,J3,K3,L3,M3,N3,O3,P3,Q3)=0,"",COUNTA(C3,D3,E3,F3,G3,H3,I3,J3,K3,L3,M3,N3,O3,P3,Q3)) | R95: =IFERROR(SUM(C95,D95,E95,F95,G95,H95,I95,J95,K95,L95,M95,N95,O95,P95,Q95)/B95*30,0) -> 0 | S95: =IF(COUNTA(T3,U3,V3,W3,X3,Y3,Z3,AA3,AB3,AC3,AD3,AE3,AF3,AG3,AH3)=0,"",COUNTA(T3,U3,V3,W3,X3,Y3,Z3,AA3,AB3,AC3,AD3,AE3,AF3,AG3,AH3)) | AI95: =IFERROR(SUM(T95,U95,V95,W95,X95,Y95,Z95,AA95,AB95,AC95,AD95,AE95,AF95,AG95,AH95)/S95*30,0) -> 0 | AJ95: =IF(COUNTA(AK3,AN3,AQ3,AT3,AW3,AZ3,BC3,BF3,BI3,BL3,BO3,BR3,BU3,BX3,CA3,CD3,CG3,CJ3,CM3,CP3)=0,"",COUNTA(AK3,AN3,AQ3,AT3,AW3,AZ3,BC3,BF3,BI3,BL3,BO3,BR3,BU3,BX3,CA3,CD3,CG3,CJ3,CM3,CP3)) | CS95: =IFERROR(SUM(AK95,AN95,AQ95,AT95,AW95,AZ95,BC95,BF95,BI95,BL95,BO95,BR95,BU95,BX95,CA95,CD95,CG95,CJ95,CM95,CP95)/AJ95*10,0) -> 0 | CT95: =IFERROR(SUM(AL95,AO95,AR95,AU95,AX95,BA95,BD95,BG95,BJ95,BM95,BP95,BS95,BV95,BY95,CB95,CE95,CH95,CK95,CN95,CQ95)/AJ95/5*5,0) -> 0 | CU95: =IFERROR(SUM(AM95,AP95,AS95,AV95,AY95,BB95,BE95,BH95,BK95,BN95,BQ95,BT95,BW95,BZ95,CC95,CF95,CI95,CL95,CO95,CR95)/AJ95*5,0) -> 0 | CV95: =ROUND(SUM(CS95,CT95,CU95),2) -> 0 | CZ95: =ROUND(SUM(R95,AI95,CV95,CW95,CX95,CY95),2) -> 0 | DA95: =ROUND(CZ95/110*100,1) -> 0 | DB95: =IF(CZ95>=90,"A",IF(CZ95>=80,"B",IF(CZ95>=70,"C",IF(CZ95>=60,"D",IF(CZ95>0,"F"," "))))) | DE95: =IF(A95="","",DA95-ROW()/100000000)
B96: =IF(COUNTA(C3,D3,E3,F3,G3,H3,I3,J3,K3,L3,M3,N3,O3,P3,Q3)=0,"",COUNTA(C3,D3,E3,F3,G3,H3,I3,J3,K3,L3,M3,N3,O3,P3,Q3)) | R96: =IFERROR(SUM(C96,D96,E96,F96,G96,H96,I96,J96,K96,L96,M96,N96,O96,P96,Q96)/B96*30,0) -> 0 | S96: =IF(COUNTA(T3,U3,V3,W3,X3,Y3,Z3,AA3,AB3,AC3,AD3,AE3,AF3,AG3,AH3)=0,"",COUNTA(T3,U3,V3,W3,X3,Y3,Z3,AA3,AB3,AC3,AD3,AE3,AF3,AG3,AH3)) | AI96: =IFERROR(SUM(T96,U96,V96,W96,X96,Y96,Z96,AA96,AB96,AC96,AD96,AE96,AF96,AG96,AH96)/S96*30,0) -> 0 | AJ96: =IF(COUNTA(AK3,AN3,AQ3,AT3,AW3,AZ3,BC3,BF3,BI3,BL3,BO3,BR3,BU3,BX3,CA3,CD3,CG3,CJ3,CM3,CP3)=0,"",COUNTA(AK3,AN3,AQ3,AT3,AW3,AZ3,BC3,BF3,BI3,BL3,BO3,BR3,BU3,BX3,CA3,CD3,CG3,CJ3,CM3,CP3)) | CS96: =IFERROR(SUM(AK96,AN96,AQ96,AT96,AW96,AZ96,BC96,BF96,BI96,BL96,BO96,BR96,BU96,BX96,CA96,CD96,CG96,CJ96,CM96,CP96)/AJ96*10,0) -> 0 | CT96: =IFERROR(SUM(AL96,AO96,AR96,AU96,AX96,BA96,BD96,BG96,BJ96,BM96,BP96,BS96,BV96,BY96,CB96,CE96,CH96,CK96,CN96,CQ96)/AJ96/5*5,0) -> 0 | CU96: =IFERROR(SUM(AM96,AP96,AS96,AV96,AY96,BB96,BE96,BH96,BK96,BN96,BQ96,BT96,BW96,BZ96,CC96,CF96,CI96,CL96,CO96,CR96)/AJ96*5,0) -> 0 | CV96: =ROUND(SUM(CS96,CT96,CU96),2) -> 0 | CZ96: =ROUND(SUM(R96,AI96,CV96,CW96,CX96,CY96),2) -> 0 | DA96: =ROUND(CZ96/110*100,1) -> 0 | DB96: =IF(CZ96>=90,"A",IF(CZ96>=80,"B",IF(CZ96>=70,"C",IF(CZ96>=60,"D",IF(CZ96>0,"F"," "))))) | DE96: =IF(A96="","",DA96-ROW()/100000000)
B97: =IF(COUNTA(C3,D3,E3,F3,G3,H3,I3,J3,K3,L3,M3,N3,O3,P3,Q3)=0,"",COUNTA(C3,D3,E3,F3,G3,H3,I3,J3,K3,L3,M3,N3,O3,P3,Q3)) | R97: =IFERROR(SUM(C97,D97,E97,F97,G97,H97,I97,J97,K97,L97,M97,N97,O97,P97,Q97)/B97*30,0) -> 0 | S97: =IF(COUNTA(T3,U3,V3,W3,X3,Y3,Z3,AA3,AB3,AC3,AD3,AE3,AF3,AG3,AH3)=0,"",COUNTA(T3,U3,V3,W3,X3,Y3,Z3,AA3,AB3,AC3,AD3,AE3,AF3,AG3,AH3)) | AI97: =IFERROR(SUM(T97,U97,V97,W97,X97,Y97,Z97,AA97,AB97,AC97,AD97,AE97,AF97,AG97,AH97)/S97*30,0) -> 0 | AJ97: =IF(COUNTA(AK3,AN3,AQ3,AT3,AW3,AZ3,BC3,BF3,BI3,BL3,BO3,BR3,BU3,BX3,CA3,CD3,CG3,CJ3,CM3,CP3)=0,"",COUNTA(AK3,AN3,AQ3,AT3,AW3,AZ3,BC3,BF3,BI3,BL3,BO3,BR3,BU3,BX3,CA3,CD3,CG3,CJ3,CM3,CP3)) | CS97: =IFERROR(SUM(AK97,AN97,AQ97,AT97,AW97,AZ97,BC97,BF97,BI97,BL97,BO97,BR97,BU97,BX97,CA97,CD97,CG97,CJ97,CM97,CP97)/AJ97*10,0) -> 0 | CT97: =IFERROR(SUM(AL97,AO97,AR97,AU97,AX97,BA97,BD97,BG97,BJ97,BM97,BP97,BS97,BV97,BY97,CB97,CE97,CH97,CK97,CN97,CQ97)/AJ97/5*5,0) -> 0 | CU97: =IFERROR(SUM(AM97,AP97,AS97,AV97,AY97,BB97,BE97,BH97,BK97,BN97,BQ97,BT97,BW97,BZ97,CC97,CF97,CI97,CL97,CO97,CR97)/AJ97*5,0) -> 0 | CV97: =ROUND(SUM(CS97,CT97,CU97),2) -> 0 | CZ97: =ROUND(SUM(R97,AI97,CV97,CW97,CX97,CY97),2) -> 0 | DA97: =ROUND(CZ97/110*100,1) -> 0 | DB97: =IF(CZ97>=90,"A",IF(CZ97>=80,"B",IF(CZ97>=70,"C",IF(CZ97>=60,"D",IF(CZ97>0,"F"," "))))) | DE97: =IF(A97="","",DA97-ROW()/100000000)
B98: =IF(COUNTA(C3,D3,E3,F3,G3,H3,I3,J3,K3,L3,M3,N3,O3,P3,Q3)=0,"",COUNTA(C3,D3,E3,F3,G3,H3,I3,J3,K3,L3,M3,N3,O3,P3,Q3)) | R98: =IFERROR(SUM(C98,D98,E98,F98,G98,H98,I98,J98,K98,L98,M98,N98,O98,P98,Q98)/B98*30,0) -> 0 | S98: =IF(COUNTA(T3,U3,V3,W3,X3,Y3,Z3,AA3,AB3,AC3,AD3,AE3,AF3,AG3,AH3)=0,"",COUNTA(T3,U3,V3,W3,X3,Y3,Z3,AA3,AB3,AC3,AD3,AE3,AF3,AG3,AH3)) | AI98: =IFERROR(SUM(T98,U98,V98,W98,X98,Y98,Z98,AA98,AB98,AC98,AD98,AE98,AF98,AG98,AH98)/S98*30,0) -> 0 | AJ98: =IF(COUNTA(AK3,AN3,AQ3,AT3,AW3,AZ3,BC3,BF3,BI3,BL3,BO3,BR3,BU3,BX3,CA3,CD3,CG3,CJ3,CM3,CP3)=0,"",COUNTA(AK3,AN3,AQ3,AT3,AW3,AZ3,BC3,BF3,BI3,BL3,BO3,BR3,BU3,BX3,CA3,CD3,CG3,CJ3,CM3,CP3)) | CS98: =IFERROR(SUM(AK98,AN98,AQ98,AT98,AW98,AZ98,BC98,BF98,BI98,BL98,BO98,BR98,BU98,BX98,CA98,CD98,CG98,CJ98,CM98,CP98)/AJ98*10,0) -> 0 | CT98: =IFERROR(SUM(AL98,AO98,AR98,AU98,AX98,BA98,BD98,BG98,BJ98,BM98,BP98,BS98,BV98,BY98,CB98,CE98,CH98,CK98,CN98,CQ98)/AJ98/5*5,0) -> 0 | CU98: =IFERROR(SUM(AM98,AP98,AS98,AV98,AY98,BB98,BE98,BH98,BK98,BN98,BQ98,BT98,BW98,BZ98,CC98,CF98,CI98,CL98,CO98,CR98)/AJ98*5,0) -> 0 | CV98: =ROUND(SUM(CS98,CT98,CU98),2) -> 0 | CZ98: =ROUND(SUM(R98,AI98,CV98,CW98,CX98,CY98),2) -> 0 | DA98: =ROUND(CZ98/110*100,1) -> 0 | DB98: =IF(CZ98>=90,"A",IF(CZ98>=80,"B",IF(CZ98>=70,"C",IF(CZ98>=60,"D",IF(CZ98>0,"F"," "))))) | DE98: =IF(A98="","",DA98-ROW()/100000000)
B99: =IF(COUNTA(C3,D3,E3,F3,G3,H3,I3,J3,K3,L3,M3,N3,O3,P3,Q3)=0,"",COUNTA(C3,D3,E3,F3,G3,H3,I3,J3,K3,L3,M3,N3,O3,P3,Q3)) | R99: =IFERROR(SUM(C99,D99,E99,F99,G99,H99,I99,J99,K99,L99,M99,N99,O99,P99,Q99)/B99*30,0) -> 0 | S99: =IF(COUNTA(T3,U3,V3,W3,X3,Y3,Z3,AA3,AB3,AC3,AD3,AE3,AF3,AG3,AH3)=0,"",COUNTA(T3,U3,V3,W3,X3,Y3,Z3,AA3,AB3,AC3,AD3,AE3,AF3,AG3,AH3)) | AI99: =IFERROR(SUM(T99,U99,V99,W99,X99,Y99,Z99,AA99,AB99,AC99,AD99,AE99,AF99,AG99,AH99)/S99*30,0) -> 0 | AJ99: =IF(COUNTA(AK3,AN3,AQ3,AT3,AW3,AZ3,BC3,BF3,BI3,BL3,BO3,BR3,BU3,BX3,CA3,CD3,CG3,CJ3,CM3,CP3)=0,"",COUNTA(AK3,AN3,AQ3,AT3,AW3,AZ3,BC3,BF3,BI3,BL3,BO3,BR3,BU3,BX3,CA3,CD3,CG3,CJ3,CM3,CP3)) | CS99: =IFERROR(SUM(AK99,AN99,AQ99,AT99,AW99,AZ99,BC99,BF99,BI99,BL99,BO99,BR99,BU99,BX99,CA99,CD99,CG99,CJ99,CM99,CP99)/AJ99*10,0) -> 0 | CT99: =IFERROR(SUM(AL99,AO99,AR99,AU99,AX99,BA99,BD99,BG99,BJ99,BM99,BP99,BS99,BV99,BY99,CB99,CE99,CH99,CK99,CN99,CQ99)/AJ99/5*5,0) -> 0 | CU99: =IFERROR(SUM(AM99,AP99,AS99,AV99,AY99,BB99,BE99,BH99,BK99,BN99,BQ99,BT99,BW99,BZ99,CC99,CF99,CI99,CL99,CO99,CR99)/AJ99*5,0) -> 0 | CV99: =ROUND(SUM(CS99,CT99,CU99),2) -> 0 | CZ99: =ROUND(SUM(R99,AI99,CV99,CW99,CX99,CY99),2) -> 0 | DA99: =ROUND(CZ99/110*100,1) -> 0 | DB99: =IF(CZ99>=90,"A",IF(CZ99>=80,"B",IF(CZ99>=70,"C",IF(CZ99>=60,"D",IF(CZ99>0,"F"," "))))) | DE99: =IF(A99="","",DA99-ROW()/100000000)
B100: =IF(COUNTA(C3,D3,E3,F3,G3,H3,I3,J3,K3,L3,M3,N3,O3,P3,Q3)=0,"",COUNTA(C3,D3,E3,F3,G3,H3,I3,J3,K3,L3,M3,N3,O3,P3,Q3)) | R100: =IFERROR(SUM(C100,D100,E100,F100,G100,H100,I100,J100,K100,L100,M100,N100,O100,P100,Q100)/B100*30,0) -> 0 | S100: =IF(COUNTA(T3,U3,V3,W3,X3,Y3,Z3,AA3,AB3,AC3,AD3,AE3,AF3,AG3,AH3)=0,"",COUNTA(T3,U3,V3,W3,X3,Y3,Z3,AA3,AB3,AC3,AD3,AE3,AF3,AG3,AH3)) | AI100: =IFERROR(SUM(T100,U100,V100,W100,X100,Y100,Z100,AA100,AB100,AC100,AD100,AE100,AF100,AG100,AH100)/S100*30,0) -> 0 | AJ100: =IF(COUNTA(AK3,AN3,AQ3,AT3,AW3,AZ3,BC3,BF3,BI3,BL3,BO3,BR3,BU3,BX3,CA3,CD3,CG3,CJ3,CM3,CP3)=0,"",COUNTA(AK3,AN3,AQ3,AT3,AW3,AZ3,BC3,BF3,BI3,BL3,BO3,BR3,BU3,BX3,CA3,CD3,CG3,CJ3,CM3,CP3)) | CS100: =IFERROR(SUM(AK100,AN100,AQ100,AT100,AW100,AZ100,BC100,BF100,BI100,BL100,BO100,BR100,BU100,BX100,CA100,CD100,CG100,CJ100,CM100,CP100)/AJ100*10,0) -> 0 | CT100: =IFERROR(SUM(AL100,AO100,AR100,AU100,AX100,BA100,BD100,BG100,BJ100,BM100,BP100,BS100,BV100,BY100,CB100,CE100,CH100,CK100,CN100,CQ100)/AJ100/5*5,0) -> 0 | CU100: =IFERROR(SUM(AM100,AP100,AS100,AV100,AY100,BB100,BE100,BH100,BK100,BN100,BQ100,BT100,BW100,BZ100,CC100,CF100,CI100,CL100,CO100,CR100)/AJ100*5,0) -> 0 | CV100: =ROUND(SUM(CS100,CT100,CU100),2) -> 0 | CZ100: =ROUND(SUM(R100,AI100,CV100,CW100,CX100,CY100),2) -> 0 | DA100: =ROUND(CZ100/110*100,1) -> 0 | DB100: =IF(CZ100>=90,"A",IF(CZ100>=80,"B",IF(CZ100>=70,"C",IF(CZ100>=60,"D",IF(CZ100>0,"F"," "))))) | DE100: =IF(A100="","",DA100-ROW()/100000000)
...

Sheet Announcement Card
A1: N | B1: Name | C1: Committee | D1: Total | E1: GPA
A2: 1 | B2: =IFERROR(INDEX('Member Evaluation'!$A$5:$A$121,MATCH(LARGE('Member Evaluation'!$DE$5:$DE$121,1),'Member Evaluation'!$DE$5:$DE$121,0)),"") | C2: =IF(B2="","","OR") | D2: =IFERROR(INDEX('Member Evaluation'!$CZ$5:$CZ$121, MATCH(LARGE('Member Evaluation'!$DE$5:$DE$121, ROW(A1)), 'Member Evaluation'!$DE$5:$DE$121, 0)), "") | E2: =IFERROR(INDEX('Member Evaluation'!$DB$5:$DB$121,MATCH(LARGE('Member Evaluation'!$DE$5:$DE$121,1),'Member Evaluation'!$DE$5:$DE$121,0)),"")
A3: 2 | B3: =IFERROR(INDEX('Member Evaluation'!$A$5:$A$121,MATCH(LARGE('Member Evaluation'!$DE$5:$DE$121,2),'Member Evaluation'!$DE$5:$DE$121,0)),"") | C3: =IF(B3="","","OR") | D3: =IFERROR(INDEX('Member Evaluation'!$CZ$5:$CZ$121, MATCH(LARGE('Member Evaluation'!$DE$5:$DE$121, ROW(A2)), 'Member Evaluation'!$DE$5:$DE$121, 0)), "") | E3: =IFERROR(INDEX('Member Evaluation'!$DB$5:$DB$121,MATCH(LARGE('Member Evaluation'!$DE$5:$DE$121,2),'Member Evaluation'!$DE$5:$DE$121,0)),"")
A4: 3 | B4: =IFERROR(INDEX('Member Evaluation'!$A$5:$A$121,MATCH(LARGE('Member Evaluation'!$DE$5:$DE$121,3),'Member Evaluation'!$DE$5:$DE$121,0)),"") | C4: =IF(B4="","","OR") | D4: =IFERROR(INDEX('Member Evaluation'!$CZ$5:$CZ$121, MATCH(LARGE('Member Evaluation'!$DE$5:$DE$121, ROW(A3)), 'Member Evaluation'!$DE$5:$DE$121, 0)), "") | E4: =IFERROR(INDEX('Member Evaluation'!$DB$5:$DB$121,MATCH(LARGE('Member Evaluation'!$DE$5:$DE$121,3),'Member Evaluation'!$DE$5:$DE$121,0)),"")
A5: 4 | B5: =IFERROR(INDEX('Member Evaluation'!$A$5:$A$121,MATCH(LARGE('Member Evaluation'!$DE$5:$DE$121,4),'Member Evaluation'!$DE$5:$DE$121,0)),"") | C5: =IF(B5="","","OR") | D5: =IFERROR(INDEX('Member Evaluation'!$CZ$5:$CZ$121, MATCH(LARGE('Member Evaluation'!$DE$5:$DE$121, ROW(A4)), 'Member Evaluation'!$DE$5:$DE$121, 0)), "") | E5: =IFERROR(INDEX('Member Evaluation'!$DB$5:$DB$121,MATCH(LARGE('Member Evaluation'!$DE$5:$DE$121,4),'Member Evaluation'!$DE$5:$DE$121,0)),"")
A6: 5 | B6: =IFERROR(INDEX('Member Evaluation'!$A$5:$A$121,MATCH(LARGE('Member Evaluation'!$DE$5:$DE$121,5),'Member Evaluation'!$DE$5:$DE$121,0)),"") | C6: =IF(B6="","","OR") | D6: =IFERROR(INDEX('Member Evaluation'!$CZ$5:$CZ$121, MATCH(LARGE('Member Evaluation'!$DE$5:$DE$121, ROW(A5)), 'Member Evaluation'!$DE$5:$DE$121, 0)), "") | E6: =IFERROR(INDEX('Member Evaluation'!$DB$5:$DB$121,MATCH(LARGE('Member Evaluation'!$DE$5:$DE$121,5),'Member Evaluation'!$DE$5:$DE$121,0)),"")
A7: 6 | B7: =IFERROR(INDEX('Member Evaluation'!$A$5:$A$121,MATCH(LARGE('Member Evaluation'!$DE$5:$DE$121,6),'Member Evaluation'!$DE$5:$DE$121,0)),"") | C7: =IF(B7="","","OR") | D7: =IFERROR(INDEX('Member Evaluation'!$CZ$5:$CZ$121, MATCH(LARGE('Member Evaluation'!$DE$5:$DE$121, ROW(A6)), 'Member Evaluation'!$DE$5:$DE$121, 0)), "") | E7: =IFERROR(INDEX('Member Evaluation'!$DB$5:$DB$121,MATCH(LARGE('Member Evaluation'!$DE$5:$DE$121,6),'Member Evaluation'!$DE$5:$DE$121,0)),"")
A8: 7 | B8: =IFERROR(INDEX('Member Evaluation'!$A$5:$A$121,MATCH(LARGE('Member Evaluation'!$DE$5:$DE$121,7),'Member Evaluation'!$DE$5:$DE$121,0)),"") | C8: =IF(B8="","","OR") | D8: =IFERROR(INDEX('Member Evaluation'!$CZ$5:$CZ$121, MATCH(LARGE('Member Evaluation'!$DE$5:$DE$121, ROW(A7)), 'Member Evaluation'!$DE$5:$DE$121, 0)), "") | E8: =IFERROR(INDEX('Member Evaluation'!$DB$5:$DB$121,MATCH(LARGE('Member Evaluation'!$DE$5:$DE$121,7),'Member Evaluation'!$DE$5:$DE$121,0)),"")
A9: 8 | B9: =IFERROR(INDEX('Member Evaluation'!$A$5:$A$121,MATCH(LARGE('Member Evaluation'!$DE$5:$DE$121,8),'Member Evaluation'!$DE$5:$DE$121,0)),"") | C9: =IF(B9="","","OR") | D9: =IFERROR(INDEX('Member Evaluation'!$CZ$5:$CZ$121, MATCH(LARGE('Member Evaluation'!$DE$5:$DE$121, ROW(A8)), 'Member Evaluation'!$DE$5:$DE$121, 0)), "") | E9: =IFERROR(INDEX('Member Evaluation'!$DB$5:$DB$121,MATCH(LARGE('Member Evaluation'!$DE$5:$DE$121,8),'Member Evaluation'!$DE$5:$DE$121,0)),"")
A10: 9 | B10: =IFERROR(INDEX('Member Evaluation'!$A$5:$A$121,MATCH(LARGE('Member Evaluation'!$DE$5:$DE$121,9),'Member Evaluation'!$DE$5:$DE$121,0)),"") | C10: =IF(B10="","","OR") | D10: =IFERROR(INDEX('Member Evaluation'!$CZ$5:$CZ$121, MATCH(LARGE('Member Evaluation'!$DE$5:$DE$121, ROW(A9)), 'Member Evaluation'!$DE$5:$DE$121, 0)), "") | E10: =IFERROR(INDEX('Member Evaluation'!$DB$5:$DB$121,MATCH(LARGE('Member Evaluation'!$DE$5:$DE$121,9),'Member Evaluation'!$DE$5:$DE$121,0)),"")
A11: 10 | B11: =IFERROR(INDEX('Member Evaluation'!$A$5:$A$121,MATCH(LARGE('Member Evaluation'!$DE$5:$DE$121,10),'Member Evaluation'!$DE$5:$DE$121,0)),"") | C11: =IF(B11="","","OR") | D11: =IFERROR(INDEX('Member Evaluation'!$CZ$5:$CZ$121, MATCH(LARGE('Member Evaluation'!$DE$5:$DE$121, ROW(A10)), 'Member Evaluation'!$DE$5:$DE$121, 0)), "") | E11: =IFERROR(INDEX('Member Evaluation'!$DB$5:$DB$121,MATCH(LARGE('Member Evaluation'!$DE$5:$DE$121,10),'Member Evaluation'!$DE$5:$DE$121,0)),"")
A12: 11 | B12: =IFERROR(INDEX('Member Evaluation'!$A$5:$A$121,MATCH(LARGE('Member Evaluation'!$DE$5:$DE$121,11),'Member Evaluation'!$DE$5:$DE$121,0)),"") | C12: =IF(B12="","","OR") | D12: =IFERROR(INDEX('Member Evaluation'!$CZ$5:$CZ$121, MATCH(LARGE('Member Evaluation'!$DE$5:$DE$121, ROW(A11)), 'Member Evaluation'!$DE$5:$DE$121, 0)), "") | E12: =IFERROR(INDEX('Member Evaluation'!$DB$5:$DB$121,MATCH(LARGE('Member Evaluation'!$DE$5:$DE$121,11),'Member Evaluation'!$DE$5:$DE$121,0)),"")
A13: 12 | B13: =IFERROR(INDEX('Member Evaluation'!$A$5:$A$121,MATCH(LARGE('Member Evaluation'!$DE$5:$DE$121,12),'Member Evaluation'!$DE$5:$DE$121,0)),"") | C13: =IF(B13="","","OR") | D13: =IFERROR(INDEX('Member Evaluation'!$CZ$5:$CZ$121, MATCH(LARGE('Member Evaluation'!$DE$5:$DE$121, ROW(A12)), 'Member Evaluation'!$DE$5:$DE$121, 0)), "") | E13: =IFERROR(INDEX('Member Evaluation'!$DB$5:$DB$121,MATCH(LARGE('Member Evaluation'!$DE$5:$DE$121,12),'Member Evaluation'!$DE$5:$DE$121,0)),"")
A14: 13 | B14: =IFERROR(INDEX('Member Evaluation'!$A$5:$A$121,MATCH(LARGE('Member Evaluation'!$DE$5:$DE$121,13),'Member Evaluation'!$DE$5:$DE$121,0)),"") | C14: =IF(B14="","","OR") | D14: =IFERROR(INDEX('Member Evaluation'!$CZ$5:$CZ$121, MATCH(LARGE('Member Evaluation'!$DE$5:$DE$121, ROW(A13)), 'Member Evaluation'!$DE$5:$DE$121, 0)), "") | E14: =IFERROR(INDEX('Member Evaluation'!$DB$5:$DB$121,MATCH(LARGE('Member Evaluation'!$DE$5:$DE$121,13),'Member Evaluation'!$DE$5:$DE$121,0)),"")
A15: 14 | B15: =IFERROR(INDEX('Member Evaluation'!$A$5:$A$121,MATCH(LARGE('Member Evaluation'!$DE$5:$DE$121,14),'Member Evaluation'!$DE$5:$DE$121,0)),"") | C15: =IF(B15="","","OR") | D15: =IFERROR(INDEX('Member Evaluation'!$CZ$5:$CZ$121, MATCH(LARGE('Member Evaluation'!$DE$5:$DE$121, ROW(A14)), 'Member Evaluation'!$DE$5:$DE$121, 0)), "") | E15: =IFERROR(INDEX('Member Evaluation'!$DB$5:$DB$121,MATCH(LARGE('Member Evaluation'!$DE$5:$DE$121,14),'Member Evaluation'!$DE$5:$DE$121,0)),"")
A16: 15 | B16: =IFERROR(INDEX('Member Evaluation'!$A$5:$A$121,MATCH(LARGE('Member Evaluation'!$DE$5:$DE$121,15),'Member Evaluation'!$DE$5:$DE$121,0)),"") | C16: =IF(B16="","","OR") | D16: =IFERROR(INDEX('Member Evaluation'!$CZ$5:$CZ$121, MATCH(LARGE('Member Evaluation'!$DE$5:$DE$121, ROW(A15)), 'Member Evaluation'!$DE$5:$DE$121, 0)), "") | E16: =IFERROR(INDEX('Member Evaluation'!$DB$5:$DB$121,MATCH(LARGE('Member Evaluation'!$DE$5:$DE$121,15),'Member Evaluation'!$DE$5:$DE$121,0)),"")
A17: 16 | B17: =IFERROR(INDEX('Member Evaluation'!$A$5:$A$121,MATCH(LARGE('Member Evaluation'!$DE$5:$DE$121,16),'Member Evaluation'!$DE$5:$DE$121,0)),"") | C17: =IF(B17="","","OR") | D17: =IFERROR(INDEX('Member Evaluation'!$CZ$5:$CZ$121, MATCH(LARGE('Member Evaluation'!$DE$5:$DE$121, ROW(A16)), 'Member Evaluation'!$DE$5:$DE$121, 0)), "") | E17: =IFERROR(INDEX('Member Evaluation'!$DB$5:$DB$121,MATCH(LARGE('Member Evaluation'!$DE$5:$DE$121,16),'Member Evaluation'!$DE$5:$DE$121,0)),"")
A18: 17 | B18: =IFERROR(INDEX('Member Evaluation'!$A$5:$A$121,MATCH(LARGE('Member Evaluation'!$DE$5:$DE$121,17),'Member Evaluation'!$DE$5:$DE$121,0)),"") | C18: =IF(B18="","","OR") | D18: =IFERROR(INDEX('Member Evaluation'!$CZ$5:$CZ$121, MATCH(LARGE('Member Evaluation'!$DE$5:$DE$121, ROW(A17)), 'Member Evaluation'!$DE$5:$DE$121, 0)), "") | E18: =IFERROR(INDEX('Member Evaluation'!$DB$5:$DB$121,MATCH(LARGE('Member Evaluation'!$DE$5:$DE$121,17),'Member Evaluation'!$DE$5:$DE$121,0)),"")
A19: 18 | B19: =IFERROR(INDEX('Member Evaluation'!$A$5:$A$121,MATCH(LARGE('Member Evaluation'!$DE$5:$DE$121,18),'Member Evaluation'!$DE$5:$DE$121,0)),"") | C19: =IF(B19="","","OR") | D19: =IFERROR(INDEX('Member Evaluation'!$CZ$5:$CZ$121, MATCH(LARGE('Member Evaluation'!$DE$5:$DE$121, ROW(A18)), 'Member Evaluation'!$DE$5:$DE$121, 0)), "") | E19: =IFERROR(INDEX('Member Evaluation'!$DB$5:$DB$121,MATCH(LARGE('Member Evaluation'!$DE$5:$DE$121,18),'Member Evaluation'!$DE$5:$DE$121,0)),"")
A20: 19 | B20: =IFERROR(INDEX('Member Evaluation'!$A$5:$A$121,MATCH(LARGE('Member Evaluation'!$DE$5:$DE$121,19),'Member Evaluation'!$DE$5:$DE$121,0)),"") | C20: =IF(B20="","","OR") | D20: =IFERROR(INDEX('Member Evaluation'!$CZ$5:$CZ$121, MATCH(LARGE('Member Evaluation'!$DE$5:$DE$121, ROW(A19)), 'Member Evaluation'!$DE$5:$DE$121, 0)), "") | E20: =IFERROR(INDEX('Member Evaluation'!$DB$5:$DB$121,MATCH(LARGE('Member Evaluation'!$DE$5:$DE$121,19),'Member Evaluation'!$DE$5:$DE$121,0)),"")
A21: 20 | B21: =IFERROR(INDEX('Member Evaluation'!$A$5:$A$121,MATCH(LARGE('Member Evaluation'!$DE$5:$DE$121,20),'Member Evaluation'!$DE$5:$DE$121,0)),"") | C21: =IF(B21="","","OR") | D21: =IFERROR(INDEX('Member Evaluation'!$CZ$5:$CZ$121, MATCH(LARGE('Member Evaluation'!$DE$5:$DE$121, ROW(A20)), 'Member Evaluation'!$DE$5:$DE$121, 0)), "") | E21: =IFERROR(INDEX('Member Evaluation'!$DB$5:$DB$121,MATCH(LARGE('Member Evaluation'!$DE$5:$DE$121,20),'Member Evaluation'!$DE$5:$DE$121,0)),"")
A22: 21 | B22: =IFERROR(INDEX('Member Evaluation'!$A$5:$A$121,MATCH(LARGE('Member Evaluation'!$DE$5:$DE$121,21),'Member Evaluation'!$DE$5:$DE$121,0)),"") | C22: =IF(B22="","","OR") | D22: =IFERROR(INDEX('Member Evaluation'!$CZ$5:$CZ$121, MATCH(LARGE('Member Evaluation'!$DE$5:$DE$121, ROW(A21)), 'Member Evaluation'!$DE$5:$DE$121, 0)), "") | E22: =IFERROR(INDEX('Member Evaluation'!$DB$5:$DB$121,MATCH(LARGE('Member Evaluation'!$DE$5:$DE$121,21),'Member Evaluation'!$DE$5:$DE$121,0)),"")
A23: 22 | B23: =IFERROR(INDEX('Member Evaluation'!$A$5:$A$121,MATCH(LARGE('Member Evaluation'!$DE$5:$DE$121,22),'Member Evaluation'!$DE$5:$DE$121,0)),"") | C23: =IF(B23="","","OR") | D23: =IFERROR(INDEX('Member Evaluation'!$CZ$5:$CZ$121, MATCH(LARGE('Member Evaluation'!$DE$5:$DE$121, ROW(A22)), 'Member Evaluation'!$DE$5:$DE$121, 0)), "") | E23: =IFERROR(INDEX('Member Evaluation'!$DB$5:$DB$121,MATCH(LARGE('Member Evaluation'!$DE$5:$DE$121,22),'Member Evaluation'!$DE$5:$DE$121,0)),"")
A24: 23 | B24: =IFERROR(INDEX('Member Evaluation'!$A$5:$A$121,MATCH(LARGE('Member Evaluation'!$DE$5:$DE$121,23),'Member Evaluation'!$DE$5:$DE$121,0)),"") | C24: =IF(B24="","","OR") | D24: =IFERROR(INDEX('Member Evaluation'!$CZ$5:$CZ$121, MATCH(LARGE('Member Evaluation'!$DE$5:$DE$121, ROW(A23)), 'Member Evaluation'!$DE$5:$DE$121, 0)), "") | E24: =IFERROR(INDEX('Member Evaluation'!$DB$5:$DB$121,MATCH(LARGE('Member Evaluation'!$DE$5:$DE$121,23),'Member Evaluation'!$DE$5:$DE$121,0)),"")
A25: 24 | B25: =IFERROR(INDEX('Member Evaluation'!$A$5:$A$121,MATCH(LARGE('Member Evaluation'!$DE$5:$DE$121,24),'Member Evaluation'!$DE$5:$DE$121,0)),"") | C25: =IF(B25="","","OR") | D25: =IFERROR(INDEX('Member Evaluation'!$CZ$5:$CZ$121, MATCH(LARGE('Member Evaluation'!$DE$5:$DE$121, ROW(A24)), 'Member Evaluation'!$DE$5:$DE$121, 0)), "") | E25: =IFERROR(INDEX('Member Evaluation'!$DB$5:$DB$121,MATCH(LARGE('Member Evaluation'!$DE$5:$DE$121,24),'Member Evaluation'!$DE$5:$DE$121,0)),"")
A26: 25 | B26: =IFERROR(INDEX('Member Evaluation'!$A$5:$A$121,MATCH(LARGE('Member Evaluation'!$DE$5:$DE$121,25),'Member Evaluation'!$DE$5:$DE$121,0)),"") | C26: =IF(B26="","","OR") | D26: =IFERROR(INDEX('Member Evaluation'!$CZ$5:$CZ$121, MATCH(LARGE('Member Evaluation'!$DE$5:$DE$121, ROW(A25)), 'Member Evaluation'!$DE$5:$DE$121, 0)), "") | E26: =IFERROR(INDEX('Member Evaluation'!$DB$5:$DB$121,MATCH(LARGE('Member Evaluation'!$DE$5:$DE$121,25),'Member Evaluation'!$DE$5:$DE$121,0)),"")
A27: 26 | B27: =IFERROR(INDEX('Member Evaluation'!$A$5:$A$121,MATCH(LARGE('Member Evaluation'!$DE$5:$DE$121,26),'Member Evaluation'!$DE$5:$DE$121,0)),"") | C27: =IF(B27="","","OR") | D27: =IFERROR(INDEX('Member Evaluation'!$CZ$5:$CZ$121, MATCH(LARGE('Member Evaluation'!$DE$5:$DE$121, ROW(A26)), 'Member Evaluation'!$DE$5:$DE$121, 0)), "") | E27: =IFERROR(INDEX('Member Evaluation'!$DB$5:$DB$121,MATCH(LARGE('Member Evaluation'!$DE$5:$DE$121,26),'Member Evaluation'!$DE$5:$DE$121,0)),"")
A28: 27 | B28: =IFERROR(INDEX('Member Evaluation'!$A$5:$A$121,MATCH(LARGE('Member Evaluation'!$DE$5:$DE$121,27),'Member Evaluation'!$DE$5:$DE$121,0)),"") | C28: =IF(B28="","","OR") | D28: =IFERROR(INDEX('Member Evaluation'!$CZ$5:$CZ$121, MATCH(LARGE('Member Evaluation'!$DE$5:$DE$121, ROW(A27)), 'Member Evaluation'!$DE$5:$DE$121, 0)), "") | E28: =IFERROR(INDEX('Member Evaluation'!$DB$5:$DB$121,MATCH(LARGE('Member Evaluation'!$DE$5:$DE$121,27),'Member Evaluation'!$DE$5:$DE$121,0)),"")
A29: 28 | B29: =IFERROR(INDEX('Member Evaluation'!$A$5:$A$121,MATCH(LARGE('Member Evaluation'!$DE$5:$DE$121,28),'Member Evaluation'!$DE$5:$DE$121,0)),"") | C29: =IF(B29="","","OR") | D29: =IFERROR(INDEX('Member Evaluation'!$CZ$5:$CZ$121, MATCH(LARGE('Member Evaluation'!$DE$5:$DE$121, ROW(A28)), 'Member Evaluation'!$DE$5:$DE$121, 0)), "") | E29: =IFERROR(INDEX('Member Evaluation'!$DB$5:$DB$121,MATCH(LARGE('Member Evaluation'!$DE$5:$DE$121,28),'Member Evaluation'!$DE$5:$DE$121,0)),"")
A30: 29 | B30: =IFERROR(INDEX('Member Evaluation'!$A$5:$A$121,MATCH(LARGE('Member Evaluation'!$DE$5:$DE$121,29),'Member Evaluation'!$DE$5:$DE$121,0)),"") | C30: =IF(B30="","","OR") | D30: =IFERROR(INDEX('Member Evaluation'!$CZ$5:$CZ$121, MATCH(LARGE('Member Evaluation'!$DE$5:$DE$121, ROW(A29)), 'Member Evaluation'!$DE$5:$DE$121, 0)), "") | E30: =IFERROR(INDEX('Member Evaluation'!$DB$5:$DB$121,MATCH(LARGE('Member Evaluation'!$DE$5:$DE$121,29),'Member Evaluation'!$DE$5:$DE$121,0)),"")
A31: 30 | B31: =IFERROR(INDEX('Member Evaluation'!$A$5:$A$121,MATCH(LARGE('Member Evaluation'!$DE$5:$DE$121,30),'Member Evaluation'!$DE$5:$DE$121,0)),"") | C31: =IF(B31="","","OR") | D31: =IFERROR(INDEX('Member Evaluation'!$CZ$5:$CZ$121, MATCH(LARGE('Member Evaluation'!$DE$5:$DE$121, ROW(A30)), 'Member Evaluation'!$DE$5:$DE$121, 0)), "") | E31: =IFERROR(INDEX('Member Evaluation'!$DB$5:$DB$121,MATCH(LARGE('Member Evaluation'!$DE$5:$DE$121,30),'Member Evaluation'!$DE$5:$DE$121,0)),"")
A32: 31 | B32: =IFERROR(INDEX('Member Evaluation'!$A$5:$A$121,MATCH(LARGE('Member Evaluation'!$DE$5:$DE$121,31),'Member Evaluation'!$DE$5:$DE$121,0)),"") | C32: =IF(B32="","","OR") | D32: =IFERROR(INDEX('Member Evaluation'!$CZ$5:$CZ$121, MATCH(LARGE('Member Evaluation'!$DE$5:$DE$121, ROW(A31)), 'Member Evaluation'!$DE$5:$DE$121, 0)), "") | E32: =IFERROR(INDEX('Member Evaluation'!$DB$5:$DB$121,MATCH(LARGE('Member Evaluation'!$DE$5:$DE$121,31),'Member Evaluation'!$DE$5:$DE$121,0)),"")
A33: 32 | B33: =IFERROR(INDEX('Member Evaluation'!$A$5:$A$121,MATCH(LARGE('Member Evaluation'!$DE$5:$DE$121,32),'Member Evaluation'!$DE$5:$DE$121,0)),"") | C33: =IF(B33="","","OR") | D33: =IFERROR(INDEX('Member Evaluation'!$CZ$5:$CZ$121, MATCH(LARGE('Member Evaluation'!$DE$5:$DE$121, ROW(A32)), 'Member Evaluation'!$DE$5:$DE$121, 0)), "") | E33: =IFERROR(INDEX('Member Evaluation'!$DB$5:$DB$121,MATCH(LARGE('Member Evaluation'!$DE$5:$DE$121,32),'Member Evaluation'!$DE$5:$DE$121,0)),"")
A34: 33 | B34: =IFERROR(INDEX('Member Evaluation'!$A$5:$A$121,MATCH(LARGE('Member Evaluation'!$DE$5:$DE$121,33),'Member Evaluation'!$DE$5:$DE$121,0)),"") | C34: =IF(B34="","","OR") | D34: =IFERROR(INDEX('Member Evaluation'!$CZ$5:$CZ$121, MATCH(LARGE('Member Evaluation'!$DE$5:$DE$121, ROW(A33)), 'Member Evaluation'!$DE$5:$DE$121, 0)), "") | E34: =IFERROR(INDEX('Member Evaluation'!$DB$5:$DB$121,MATCH(LARGE('Member Evaluation'!$DE$5:$DE$121,33),'Member Evaluation'!$DE$5:$DE$121,0)),"")
A35: 34 | B35: =IFERROR(INDEX('Member Evaluation'!$A$5:$A$121,MATCH(LARGE('Member Evaluation'!$DE$5:$DE$121,34),'Member Evaluation'!$DE$5:$DE$121,0)),"") | C35: =IF(B35="","","OR") | D35: =IFERROR(INDEX('Member Evaluation'!$CZ$5:$CZ$121, MATCH(LARGE('Member Evaluation'!$DE$5:$DE$121, ROW(A34)), 'Member Evaluation'!$DE$5:$DE$121, 0)), "") | E35: =IFERROR(INDEX('Member Evaluation'!$DB$5:$DB$121,MATCH(LARGE('Member Evaluation'!$DE$5:$DE$121,34),'Member Evaluation'!$DE$5:$DE$121,0)),"")
A36: 35 | B36: =IFERROR(INDEX('Member Evaluation'!$A$5:$A$121,MATCH(LARGE('Member Evaluation'!$DE$5:$DE$121,35),'Member Evaluation'!$DE$5:$DE$121,0)),"") | C36: =IF(B36="","","OR") | D36: =IFERROR(INDEX('Member Evaluation'!$CZ$5:$CZ$121, MATCH(LARGE('Member Evaluation'!$DE$5:$DE$121, ROW(A35)), 'Member Evaluation'!$DE$5:$DE$121, 0)), "") | E36: =IFERROR(INDEX('Member Evaluation'!$DB$5:$DB$121,MATCH(LARGE('Member Evaluation'!$DE$5:$DE$121,35),'Member Evaluation'!$DE$5:$DE$121,0)),"")
A37: 36 | B37: =IFERROR(INDEX('Member Evaluation'!$A$5:$A$121,MATCH(LARGE('Member Evaluation'!$DE$5:$DE$121,36),'Member Evaluation'!$DE$5:$DE$121,0)),"") | C37: =IF(B37="","","OR") | D37: =IFERROR(INDEX('Member Evaluation'!$CZ$5:$CZ$121, MATCH(LARGE('Member Evaluation'!$DE$5:$DE$121, ROW(A36)), 'Member Evaluation'!$DE$5:$DE$121, 0)), "") | E37: =IFERROR(INDEX('Member Evaluation'!$DB$5:$DB$121,MATCH(LARGE('Member Evaluation'!$DE$5:$DE$121,36),'Member Evaluation'!$DE$5:$DE$121,0)),"")
A38: 37 | B38: =IFERROR(INDEX('Member Evaluation'!$A$5:$A$121,MATCH(LARGE('Member Evaluation'!$DE$5:$DE$121,37),'Member Evaluation'!$DE$5:$DE$121,0)),"") | C38: =IF(B38="","","OR") | D38: =IFERROR(INDEX('Member Evaluation'!$CZ$5:$CZ$121, MATCH(LARGE('Member Evaluation'!$DE$5:$DE$121, ROW(A37)), 'Member Evaluation'!$DE$5:$DE$121, 0)), "") | E38: =IFERROR(INDEX('Member Evaluation'!$DB$5:$DB$121,MATCH(LARGE('Member Evaluation'!$DE$5:$DE$121,37),'Member Evaluation'!$DE$5:$DE$121,0)),"")
A39: 38 | B39: =IFERROR(INDEX('Member Evaluation'!$A$5:$A$121,MATCH(LARGE('Member Evaluation'!$DE$5:$DE$121,38),'Member Evaluation'!$DE$5:$DE$121,0)),"") | C39: =IF(B39="","","OR") | D39: =IFERROR(INDEX('Member Evaluation'!$CZ$5:$CZ$121, MATCH(LARGE('Member Evaluation'!$DE$5:$DE$121, ROW(A38)), 'Member Evaluation'!$DE$5:$DE$121, 0)), "") | E39: =IFERROR(INDEX('Member Evaluation'!$DB$5:$DB$121,MATCH(LARGE('Member Evaluation'!$DE$5:$DE$121,38),'Member Evaluation'!$DE$5:$DE$121,0)),"")
A40: 39 | B40: =IFERROR(INDEX('Member Evaluation'!$A$5:$A$121,MATCH(LARGE('Member Evaluation'!$DE$5:$DE$121,39),'Member Evaluation'!$DE$5:$DE$121,0)),"") | C40: =IF(B40="","","OR") | D40: =IFERROR(INDEX('Member Evaluation'!$CZ$5:$CZ$121, MATCH(LARGE('Member Evaluation'!$DE$5:$DE$121, ROW(A39)), 'Member Evaluation'!$DE$5:$DE$121, 0)), "") | E40: =IFERROR(INDEX('Member Evaluation'!$DB$5:$DB$121,MATCH(LARGE('Member Evaluation'!$DE$5:$DE$121,39),'Member Evaluation'!$DE$5:$DE$121,0)),"")
A41: 40 | B41: =IFERROR(INDEX('Member Evaluation'!$A$5:$A$121,MATCH(LARGE('Member Evaluation'!$DE$5:$DE$121,40),'Member Evaluation'!$DE$5:$DE$121,0)),"") | C41: =IF(B41="","","OR") | D41: =IFERROR(INDEX('Member Evaluation'!$CZ$5:$CZ$121, MATCH(LARGE('Member Evaluation'!$DE$5:$DE$121, ROW(A40)), 'Member Evaluation'!$DE$5:$DE$121, 0)), "") | E41: =IFERROR(INDEX('Member Evaluation'!$DB$5:$DB$121,MATCH(LARGE('Member Evaluation'!$DE$5:$DE$121,40),'Member Evaluation'!$DE$5:$DE$121,0)),"")
A42: 41 | B42: =IFERROR(INDEX('Member Evaluation'!$A$5:$A$121,MATCH(LARGE('Member Evaluation'!$DE$5:$DE$121,41),'Member Evaluation'!$DE$5:$DE$121,0)),"") | C42: =IF(B42="","","OR") | D42: =IFERROR(INDEX('Member Evaluation'!$CZ$5:$CZ$121, MATCH(LARGE('Member Evaluation'!$DE$5:$DE$121, ROW(A41)), 'Member Evaluation'!$DE$5:$DE$121, 0)), "") | E42: =IFERROR(INDEX('Member Evaluation'!$DB$5:$DB$121,MATCH(LARGE('Member Evaluation'!$DE$5:$DE$121,41),'Member Evaluation'!$DE$5:$DE$121,0)),"")
A43: 42 | B43: =IFERROR(INDEX('Member Evaluation'!$A$5:$A$121,MATCH(LARGE('Member Evaluation'!$DE$5:$DE$121,42),'Member Evaluation'!$DE$5:$DE$121,0)),"") | C43: =IF(B43="","","OR") | D43: =IFERROR(INDEX('Member Evaluation'!$CZ$5:$CZ$121, MATCH(LARGE('Member Evaluation'!$DE$5:$DE$121, ROW(A42)), 'Member Evaluation'!$DE$5:$DE$121, 0)), "") | E43: =IFERROR(INDEX('Member Evaluation'!$DB$5:$DB$121,MATCH(LARGE('Member Evaluation'!$DE$5:$DE$121,42),'Member Evaluation'!$DE$5:$DE$121,0)),"")
A44: 43 | B44: =IFERROR(INDEX('Member Evaluation'!$A$5:$A$121,MATCH(LARGE('Member Evaluation'!$DE$5:$DE$121,43),'Member Evaluation'!$DE$5:$DE$121,0)),"") | C44: =IF(B44="","","OR") | D44: =IFERROR(INDEX('Member Evaluation'!$CZ$5:$CZ$121, MATCH(LARGE('Member Evaluation'!$DE$5:$DE$121, ROW(A43)), 'Member Evaluation'!$DE$5:$DE$121, 0)), "") | E44: =IFERROR(INDEX('Member Evaluation'!$DB$5:$DB$121,MATCH(LARGE('Member Evaluation'!$DE$5:$DE$121,43),'Member Evaluation'!$DE$5:$DE$121,0)),"")
A45: 44 | B45: =IFERROR(INDEX('Member Evaluation'!$A$5:$A$121,MATCH(LARGE('Member Evaluation'!$DE$5:$DE$121,44),'Member Evaluation'!$DE$5:$DE$121,0)),"") | C45: =IF(B45="","","OR") | D45: =IFERROR(INDEX('Member Evaluation'!$CZ$5:$CZ$121, MATCH(LARGE('Member Evaluation'!$DE$5:$DE$121, ROW(A44)), 'Member Evaluation'!$DE$5:$DE$121, 0)), "") | E45: =IFERROR(INDEX('Member Evaluation'!$DB$5:$DB$121,MATCH(LARGE('Member Evaluation'!$DE$5:$DE$121,44),'Member Evaluation'!$DE$5:$DE$121,0)),"")
A46: 45 | B46: =IFERROR(INDEX('Member Evaluation'!$A$5:$A$121,MATCH(LARGE('Member Evaluation'!$DE$5:$DE$121,45),'Member Evaluation'!$DE$5:$DE$121,0)),"") | C46: =IF(B46="","","OR") | D46: =IFERROR(INDEX('Member Evaluation'!$CZ$5:$CZ$121, MATCH(LARGE('Member Evaluation'!$DE$5:$DE$121, ROW(A45)), 'Member Evaluation'!$DE$5:$DE$121, 0)), "") | E46: =IFERROR(INDEX('Member Evaluation'!$DB$5:$DB$121,MATCH(LARGE('Member Evaluation'!$DE$5:$DE$121,45),'Member Evaluation'!$DE$5:$DE$121,0)),"")
A47: 46 | B47: =IFERROR(INDEX('Member Evaluation'!$A$5:$A$121,MATCH(LARGE('Member Evaluation'!$DE$5:$DE$121,46),'Member Evaluation'!$DE$5:$DE$121,0)),"") | C47: =IF(B47="","","OR") | D47: =IFERROR(INDEX('Member Evaluation'!$CZ$5:$CZ$121, MATCH(LARGE('Member Evaluation'!$DE$5:$DE$121, ROW(A46)), 'Member Evaluation'!$DE$5:$DE$121, 0)), "") | E47: =IFERROR(INDEX('Member Evaluation'!$DB$5:$DB$121,MATCH(LARGE('Member Evaluation'!$DE$5:$DE$121,46),'Member Evaluation'!$DE$5:$DE$121,0)),"")
A48: 47 | B48: =IFERROR(INDEX('Member Evaluation'!$A$5:$A$121,MATCH(LARGE('Member Evaluation'!$DE$5:$DE$121,47),'Member Evaluation'!$DE$5:$DE$121,0)),"") | C48: =IF(B48="","","OR") | D48: =IFERROR(INDEX('Member Evaluation'!$CZ$5:$CZ$121, MATCH(LARGE('Member Evaluation'!$DE$5:$DE$121, ROW(A47)), 'Member Evaluation'!$DE$5:$DE$121, 0)), "") | E48: =IFERROR(INDEX('Member Evaluation'!$DB$5:$DB$121,MATCH(LARGE('Member Evaluation'!$DE$5:$DE$121,47),'Member Evaluation'!$DE$5:$DE$121,0)),"")
A49: 48 | B49: =IFERROR(INDEX('Member Evaluation'!$A$5:$A$121,MATCH(LARGE('Member Evaluation'!$DE$5:$DE$121,48),'Member Evaluation'!$DE$5:$DE$121,0)),"") | C49: =IF(B49="","","OR") | D49: =IFERROR(INDEX('Member Evaluation'!$CZ$5:$CZ$121, MATCH(LARGE('Member Evaluation'!$DE$5:$DE$121, ROW(A48)), 'Member Evaluation'!$DE$5:$DE$121, 0)), "") | E49: =IFERROR(INDEX('Member Evaluation'!$DB$5:$DB$121,MATCH(LARGE('Member Evaluation'!$DE$5:$DE$121,48),'Member Evaluation'!$DE$5:$DE$121,0)),"")
A50: 49 | B50: =IFERROR(INDEX('Member Evaluation'!$A$5:$A$121,MATCH(LARGE('Member Evaluation'!$DE$5:$DE$121,49),'Member Evaluation'!$DE$5:$DE$121,0)),"") | C50: =IF(B50="","","OR") | D50: =IFERROR(INDEX('Member Evaluation'!$CZ$5:$CZ$121, MATCH(LARGE('Member Evaluation'!$DE$5:$DE$121, ROW(A49)), 'Member Evaluation'!$DE$5:$DE$121, 0)), "") | E50: =IFERROR(INDEX('Member Evaluation'!$DB$5:$DB$121,MATCH(LARGE('Member Evaluation'!$DE$5:$DE$121,49),'Member Evaluation'!$DE$5:$DE$121,0)),"")
A51: 50 | B51: =IFERROR(INDEX('Member Evaluation'!$A$5:$A$121,MATCH(LARGE('Member Evaluation'!$DE$5:$DE$121,50),'Member Evaluation'!$DE$5:$DE$121,0)),"") | C51: =IF(B51="","","OR") | D51: =IFERROR(INDEX('Member Evaluation'!$CZ$5:$CZ$121, MATCH(LARGE('Member Evaluation'!$DE$5:$DE$121, ROW(A50)), 'Member Evaluation'!$DE$5:$DE$121, 0)), "") | E51: =IFERROR(INDEX('Member Evaluation'!$DB$5:$DB$121,MATCH(LARGE('Member Evaluation'!$DE$5:$DE$121,50),'Member Evaluation'!$DE$5:$DE$121,0)),"")
A52: 51 | B52: =IFERROR(INDEX('Member Evaluation'!$A$5:$A$121,MATCH(LARGE('Member Evaluation'!$DE$5:$DE$121,51),'Member Evaluation'!$DE$5:$DE$121,0)),"") | C52: =IF(B52="","","OR") | D52: =IFERROR(INDEX('Member Evaluation'!$CZ$5:$CZ$121, MATCH(LARGE('Member Evaluation'!$DE$5:$DE$121, ROW(A51)), 'Member Evaluation'!$DE$5:$DE$121, 0)), "") | E52: =IFERROR(INDEX('Member Evaluation'!$DB$5:$DB$121,MATCH(LARGE('Member Evaluation'!$DE$5:$DE$121,51),'Member Evaluation'!$DE$5:$DE$121,0)),"")
A53: 52 | B53: =IFERROR(INDEX('Member Evaluation'!$A$5:$A$121,MATCH(LARGE('Member Evaluation'!$DE$5:$DE$121,52),'Member Evaluation'!$DE$5:$DE$121,0)),"") | C53: =IF(B53="","","OR") | D53: =IFERROR(INDEX('Member Evaluation'!$CZ$5:$CZ$121, MATCH(LARGE('Member Evaluation'!$DE$5:$DE$121, ROW(A52)), 'Member Evaluation'!$DE$5:$DE$121, 0)), "") | E53: =IFERROR(INDEX('Member Evaluation'!$DB$5:$DB$121,MATCH(LARGE('Member Evaluation'!$DE$5:$DE$121,52),'Member Evaluation'!$DE$5:$DE$121,0)),"")
A54: 53 | B54: =IFERROR(INDEX('Member Evaluation'!$A$5:$A$121,MATCH(LARGE('Member Evaluation'!$DE$5:$DE$121,53),'Member Evaluation'!$DE$5:$DE$121,0)),"") | C54: =IF(B54="","","OR") | D54: =IFERROR(INDEX('Member Evaluation'!$CZ$5:$CZ$121, MATCH(LARGE('Member Evaluation'!$DE$5:$DE$121, ROW(A53)), 'Member Evaluation'!$DE$5:$DE$121, 0)), "") | E54: =IFERROR(INDEX('Member Evaluation'!$DB$5:$DB$121,MATCH(LARGE('Member Evaluation'!$DE$5:$DE$121,53),'Member Evaluation'!$DE$5:$DE$121,0)),"")
A55: 54 | B55: =IFERROR(INDEX('Member Evaluation'!$A$5:$A$121,MATCH(LARGE('Member Evaluation'!$DE$5:$DE$121,54),'Member Evaluation'!$DE$5:$DE$121,0)),"") | C55: =IF(B55="","","OR") | D55: =IFERROR(INDEX('Member Evaluation'!$CZ$5:$CZ$121, MATCH(LARGE('Member Evaluation'!$DE$5:$DE$121, ROW(A54)), 'Member Evaluation'!$DE$5:$DE$121, 0)), "") | E55: =IFERROR(INDEX('Member Evaluation'!$DB$5:$DB$121,MATCH(LARGE('Member Evaluation'!$DE$5:$DE$121,54),'Member Evaluation'!$DE$5:$DE$121,0)),"")
A56: 55 | B56: =IFERROR(INDEX('Member Evaluation'!$A$5:$A$121,MATCH(LARGE('Member Evaluation'!$DE$5:$DE$121,55),'Member Evaluation'!$DE$5:$DE$121,0)),"") | C56: =IF(B56="","","OR") | D56: =IFERROR(INDEX('Member Evaluation'!$CZ$5:$CZ$121, MATCH(LARGE('Member Evaluation'!$DE$5:$DE$121, ROW(A55)), 'Member Evaluation'!$DE$5:$DE$121, 0)), "") | E56: =IFERROR(INDEX('Member Evaluation'!$DB$5:$DB$121,MATCH(LARGE('Member Evaluation'!$DE$5:$DE$121,55),'Member Evaluation'!$DE$5:$DE$121,0)),"")
A57: 56 | B57: =IFERROR(INDEX('Member Evaluation'!$A$5:$A$121,MATCH(LARGE('Member Evaluation'!$DE$5:$DE$121,56),'Member Evaluation'!$DE$5:$DE$121,0)),"") | C57: =IF(B57="","","OR") | D57: =IFERROR(INDEX('Member Evaluation'!$CZ$5:$CZ$121, MATCH(LARGE('Member Evaluation'!$DE$5:$DE$121, ROW(A56)), 'Member Evaluation'!$DE$5:$DE$121, 0)), "") | E57: =IFERROR(INDEX('Member Evaluation'!$DB$5:$DB$121,MATCH(LARGE('Member Evaluation'!$DE$5:$DE$121,56),'Member Evaluation'!$DE$5:$DE$121,0)),"")
A58: 57 | B58: =IFERROR(INDEX('Member Evaluation'!$A$5:$A$121,MATCH(LARGE('Member Evaluation'!$DE$5:$DE$121,57),'Member Evaluation'!$DE$5:$DE$121,0)),"") | C58: =IF(B58="","","OR") | D58: =IFERROR(INDEX('Member Evaluation'!$CZ$5:$CZ$121, MATCH(LARGE('Member Evaluation'!$DE$5:$DE$121, ROW(A57)), 'Member Evaluation'!$DE$5:$DE$121, 0)), "") | E58: =IFERROR(INDEX('Member Evaluation'!$DB$5:$DB$121,MATCH(LARGE('Member Evaluation'!$DE$5:$DE$121,57),'Member Evaluation'!$DE$5:$DE$121,0)),"")
A59: 58 | B59: =IFERROR(INDEX('Member Evaluation'!$A$5:$A$121,MATCH(LARGE('Member Evaluation'!$DE$5:$DE$121,58),'Member Evaluation'!$DE$5:$DE$121,0)),"") | C59: =IF(B59="","","OR") | D59: =IFERROR(INDEX('Member Evaluation'!$CZ$5:$CZ$121, MATCH(LARGE('Member Evaluation'!$DE$5:$DE$121, ROW(A58)), 'Member Evaluation'!$DE$5:$DE$121, 0)), "") | E59: =IFERROR(INDEX('Member Evaluation'!$DB$5:$DB$121,MATCH(LARGE('Member Evaluation'!$DE$5:$DE$121,58),'Member Evaluation'!$DE$5:$DE$121,0)),"")
A60: 59 | B60: =IFERROR(INDEX('Member Evaluation'!$A$5:$A$121,MATCH(LARGE('Member Evaluation'!$DE$5:$DE$121,59),'Member Evaluation'!$DE$5:$DE$121,0)),"") | C60: =IF(B60="","","OR") | D60: =IFERROR(INDEX('Member Evaluation'!$CZ$5:$CZ$121, MATCH(LARGE('Member Evaluation'!$DE$5:$DE$121, ROW(A59)), 'Member Evaluation'!$DE$5:$DE$121, 0)), "") | E60: =IFERROR(INDEX('Member Evaluation'!$DB$5:$DB$121,MATCH(LARGE('Member Evaluation'!$DE$5:$DE$121,59),'Member Evaluation'!$DE$5:$DE$121,0)),"")
A61: 60 | B61: =IFERROR(INDEX('Member Evaluation'!$A$5:$A$121,MATCH(LARGE('Member Evaluation'!$DE$5:$DE$121,60),'Member Evaluation'!$DE$5:$DE$121,0)),"") | C61: =IF(B61="","","OR") | D61: =IFERROR(INDEX('Member Evaluation'!$CZ$5:$CZ$121, MATCH(LARGE('Member Evaluation'!$DE$5:$DE$121, ROW(A60)), 'Member Evaluation'!$DE$5:$DE$121, 0)), "") | E61: =IFERROR(INDEX('Member Evaluation'!$DB$5:$DB$121,MATCH(LARGE('Member Evaluation'!$DE$5:$DE$121,60),'Member Evaluation'!$DE$5:$DE$121,0)),"")
A62: 61 | B62: =IFERROR(INDEX('Member Evaluation'!$A$5:$A$121,MATCH(LARGE('Member Evaluation'!$DE$5:$DE$121,61),'Member Evaluation'!$DE$5:$DE$121,0)),"") | C62: =IF(B62="","","OR") | D62: =IFERROR(INDEX('Member Evaluation'!$CZ$5:$CZ$121, MATCH(LARGE('Member Evaluation'!$DE$5:$DE$121, ROW(A61)), 'Member Evaluation'!$DE$5:$DE$121, 0)), "") | E62: =IFERROR(INDEX('Member Evaluation'!$DB$5:$DB$121,MATCH(LARGE('Member Evaluation'!$DE$5:$DE$121,61),'Member Evaluation'!$DE$5:$DE$121,0)),"")
A63: 62 | B63: =IFERROR(INDEX('Member Evaluation'!$A$5:$A$121,MATCH(LARGE('Member Evaluation'!$DE$5:$DE$121,62),'Member Evaluation'!$DE$5:$DE$121,0)),"") | C63: =IF(B63="","","OR") | D63: =IFERROR(INDEX('Member Evaluation'!$CZ$5:$CZ$121, MATCH(LARGE('Member Evaluation'!$DE$5:$DE$121, ROW(A62)), 'Member Evaluation'!$DE$5:$DE$121, 0)), "") | E63: =IFERROR(INDEX('Member Evaluation'!$DB$5:$DB$121,MATCH(LARGE('Member Evaluation'!$DE$5:$DE$121,62),'Member Evaluation'!$DE$5:$DE$121,0)),"")
A64: 63 | B64: =IFERROR(INDEX('Member Evaluation'!$A$5:$A$121,MATCH(LARGE('Member Evaluation'!$DE$5:$DE$121,63),'Member Evaluation'!$DE$5:$DE$121,0)),"") | C64: =IF(B64="","","OR") | D64: =IFERROR(INDEX('Member Evaluation'!$CZ$5:$CZ$121, MATCH(LARGE('Member Evaluation'!$DE$5:$DE$121, ROW(A63)), 'Member Evaluation'!$DE$5:$DE$121, 0)), "") | E64: =IFERROR(INDEX('Member Evaluation'!$DB$5:$DB$121,MATCH(LARGE('Member Evaluation'!$DE$5:$DE$121,63),'Member Evaluation'!$DE$5:$DE$121,0)),"")
A65: 64 | B65: =IFERROR(INDEX('Member Evaluation'!$A$5:$A$121,MATCH(LARGE('Member Evaluation'!$DE$5:$DE$121,64),'Member Evaluation'!$DE$5:$DE$121,0)),"") | C65: =IF(B65="","","OR") | D65: =IFERROR(INDEX('Member Evaluation'!$CZ$5:$CZ$121, MATCH(LARGE('Member Evaluation'!$DE$5:$DE$121, ROW(A64)), 'Member Evaluation'!$DE$5:$DE$121, 0)), "") | E65: =IFERROR(INDEX('Member Evaluation'!$DB$5:$DB$121,MATCH(LARGE('Member Evaluation'!$DE$5:$DE$121,64),'Member Evaluation'!$DE$5:$DE$121,0)),"")
A66: 65 | B66: =IFERROR(INDEX('Member Evaluation'!$A$5:$A$121,MATCH(LARGE('Member Evaluation'!$DE$5:$DE$121,65),'Member Evaluation'!$DE$5:$DE$121,0)),"") | C66: =IF(B66="","","OR") | D66: =IFERROR(INDEX('Member Evaluation'!$CZ$5:$CZ$121, MATCH(LARGE('Member Evaluation'!$DE$5:$DE$121, ROW(A65)), 'Member Evaluation'!$DE$5:$DE$121, 0)), "") | E66: =IFERROR(INDEX('Member Evaluation'!$DB$5:$DB$121,MATCH(LARGE('Member Evaluation'!$DE$5:$DE$121,65),'Member Evaluation'!$DE$5:$DE$121,0)),"")
A67: 66 | B67: =IFERROR(INDEX('Member Evaluation'!$A$5:$A$121,MATCH(LARGE('Member Evaluation'!$DE$5:$DE$121,66),'Member Evaluation'!$DE$5:$DE$121,0)),"") | C67: =IF(B67="","","OR") | D67: =IFERROR(INDEX('Member Evaluation'!$CZ$5:$CZ$121, MATCH(LARGE('Member Evaluation'!$DE$5:$DE$121, ROW(A66)), 'Member Evaluation'!$DE$5:$DE$121, 0)), "") | E67: =IFERROR(INDEX('Member Evaluation'!$DB$5:$DB$121,MATCH(LARGE('Member Evaluation'!$DE$5:$DE$121,66),'Member Evaluation'!$DE$5:$DE$121,0)),"")
A68: 67 | B68: =IFERROR(INDEX('Member Evaluation'!$A$5:$A$121,MATCH(LARGE('Member Evaluation'!$DE$5:$DE$121,67),'Member Evaluation'!$DE$5:$DE$121,0)),"") | C68: =IF(B68="","","OR") | D68: =IFERROR(INDEX('Member Evaluation'!$CZ$5:$CZ$121, MATCH(LARGE('Member Evaluation'!$DE$5:$DE$121, ROW(A67)), 'Member Evaluation'!$DE$5:$DE$121, 0)), "") | E68: =IFERROR(INDEX('Member Evaluation'!$DB$5:$DB$121,MATCH(LARGE('Member Evaluation'!$DE$5:$DE$121,67),'Member Evaluation'!$DE$5:$DE$121,0)),"")
A69: 68 | B69: =IFERROR(INDEX('Member Evaluation'!$A$5:$A$121,MATCH(LARGE('Member Evaluation'!$DE$5:$DE$121,68),'Member Evaluation'!$DE$5:$DE$121,0)),"") | C69: =IF(B69="","","OR") | D69: =IFERROR(INDEX('Member Evaluation'!$CZ$5:$CZ$121, MATCH(LARGE('Member Evaluation'!$DE$5:$DE$121, ROW(A68)), 'Member Evaluation'!$DE$5:$DE$121, 0)), "") | E69: =IFERROR(INDEX('Member Evaluation'!$DB$5:$DB$121,MATCH(LARGE('Member Evaluation'!$DE$5:$DE$121,68),'Member Evaluation'!$DE$5:$DE$121,0)),"")
A70: 69 | B70: =IFERROR(INDEX('Member Evaluation'!$A$5:$A$121,MATCH(LARGE('Member Evaluation'!$DE$5:$DE$121,69),'Member Evaluation'!$DE$5:$DE$121,0)),"") | C70: =IF(B70="","","OR") | D70: =IFERROR(INDEX('Member Evaluation'!$CZ$5:$CZ$121, MATCH(LARGE('Member Evaluation'!$DE$5:$DE$121, ROW(A69)), 'Member Evaluation'!$DE$5:$DE$121, 0)), "") | E70: =IFERROR(INDEX('Member Evaluation'!$DB$5:$DB$121,MATCH(LARGE('Member Evaluation'!$DE$5:$DE$121,69),'Member Evaluation'!$DE$5:$DE$121,0)),"")
A71: 70 | B71: =IFERROR(INDEX('Member Evaluation'!$A$5:$A$121,MATCH(LARGE('Member Evaluation'!$DE$5:$DE$121,70),'Member Evaluation'!$DE$5:$DE$121,0)),"") | C71: =IF(B71="","","OR") | D71: =IFERROR(INDEX('Member Evaluation'!$CZ$5:$CZ$121, MATCH(LARGE('Member Evaluation'!$DE$5:$DE$121, ROW(A70)), 'Member Evaluation'!$DE$5:$DE$121, 0)), "") | E71: =IFERROR(INDEX('Member Evaluation'!$DB$5:$DB$121,MATCH(LARGE('Member Evaluation'!$DE$5:$DE$121,70),'Member Evaluation'!$DE$5:$DE$121,0)),"")
A72: 71 | B72: =IFERROR(INDEX('Member Evaluation'!$A$5:$A$121,MATCH(LARGE('Member Evaluation'!$DE$5:$DE$121,71),'Member Evaluation'!$DE$5:$DE$121,0)),"") | C72: =IF(B72="","","OR") | D72: =IFERROR(INDEX('Member Evaluation'!$CZ$5:$CZ$121, MATCH(LARGE('Member Evaluation'!$DE$5:$DE$121, ROW(A71)), 'Member Evaluation'!$DE$5:$DE$121, 0)), "") | E72: =IFERROR(INDEX('Member Evaluation'!$DB$5:$DB$121,MATCH(LARGE('Member Evaluation'!$DE$5:$DE$121,71),'Member Evaluation'!$DE$5:$DE$121,0)),"")
A73: 72 | B73: =IFERROR(INDEX('Member Evaluation'!$A$5:$A$121,MATCH(LARGE('Member Evaluation'!$DE$5:$DE$121,72),'Member Evaluation'!$DE$5:$DE$121,0)),"") | C73: =IF(B73="","","OR") | D73: =IFERROR(INDEX('Member Evaluation'!$CZ$5:$CZ$121, MATCH(LARGE('Member Evaluation'!$DE$5:$DE$121, ROW(A72)), 'Member Evaluation'!$DE$5:$DE$121, 0)), "") | E73: =IFERROR(INDEX('Member Evaluation'!$DB$5:$DB$121,MATCH(LARGE('Member Evaluation'!$DE$5:$DE$121,72),'Member Evaluation'!$DE$5:$DE$121,0)),"")
A74: 73 | B74: =IFERROR(INDEX('Member Evaluation'!$A$5:$A$121,MATCH(LARGE('Member Evaluation'!$DE$5:$DE$121,73),'Member Evaluation'!$DE$5:$DE$121,0)),"") | C74: =IF(B74="","","OR") | D74: =IFERROR(INDEX('Member Evaluation'!$CZ$5:$CZ$121, MATCH(LARGE('Member Evaluation'!$DE$5:$DE$121, ROW(A73)), 'Member Evaluation'!$DE$5:$DE$121, 0)), "") | E74: =IFERROR(INDEX('Member Evaluation'!$DB$5:$DB$121,MATCH(LARGE('Member Evaluation'!$DE$5:$DE$121,73),'Member Evaluation'!$DE$5:$DE$121,0)),"")
A75: 74 | B75: =IFERROR(INDEX('Member Evaluation'!$A$5:$A$121,MATCH(LARGE('Member Evaluation'!$DE$5:$DE$121,74),'Member Evaluation'!$DE$5:$DE$121,0)),"") | C75: =IF(B75="","","OR") | D75: =IFERROR(INDEX('Member Evaluation'!$CZ$5:$CZ$121, MATCH(LARGE('Member Evaluation'!$DE$5:$DE$121, ROW(A74)), 'Member Evaluation'!$DE$5:$DE$121, 0)), "") | E75: =IFERROR(INDEX('Member Evaluation'!$DB$5:$DB$121,MATCH(LARGE('Member Evaluation'!$DE$5:$DE$121,74),'Member Evaluation'!$DE$5:$DE$121,0)),"")
A76: 75 | B76: =IFERROR(INDEX('Member Evaluation'!$A$5:$A$121,MATCH(LARGE('Member Evaluation'!$DE$5:$DE$121,75),'Member Evaluation'!$DE$5:$DE$121,0)),"") | C76: =IF(B76="","","OR") | D76: =IFERROR(INDEX('Member Evaluation'!$CZ$5:$CZ$121, MATCH(LARGE('Member Evaluation'!$DE$5:$DE$121, ROW(A75)), 'Member Evaluation'!$DE$5:$DE$121, 0)), "") | E76: =IFERROR(INDEX('Member Evaluation'!$DB$5:$DB$121,MATCH(LARGE('Member Evaluation'!$DE$5:$DE$121,75),'Member Evaluation'!$DE$5:$DE$121,0)),"")
A77: 76 | B77: =IFERROR(INDEX('Member Evaluation'!$A$5:$A$121,MATCH(LARGE('Member Evaluation'!$DE$5:$DE$121,76),'Member Evaluation'!$DE$5:$DE$121,0)),"") | C77: =IF(B77="","","OR") | D77: =IFERROR(INDEX('Member Evaluation'!$CZ$5:$CZ$121, MATCH(LARGE('Member Evaluation'!$DE$5:$DE$121, ROW(A76)), 'Member Evaluation'!$DE$5:$DE$121, 0)), "") | E77: =IFERROR(INDEX('Member Evaluation'!$DB$5:$DB$121,MATCH(LARGE('Member Evaluation'!$DE$5:$DE$121,76),'Member Evaluation'!$DE$5:$DE$121,0)),"")
A78: 77 | B78: =IFERROR(INDEX('Member Evaluation'!$A$5:$A$121,MATCH(LARGE('Member Evaluation'!$DE$5:$DE$121,77),'Member Evaluation'!$DE$5:$DE$121,0)),"") | C78: =IF(B78="","","OR") | D78: =IFERROR(INDEX('Member Evaluation'!$CZ$5:$CZ$121, MATCH(LARGE('Member Evaluation'!$DE$5:$DE$121, ROW(A77)), 'Member Evaluation'!$DE$5:$DE$121, 0)), "") | E78: =IFERROR(INDEX('Member Evaluation'!$DB$5:$DB$121,MATCH(LARGE('Member Evaluation'!$DE$5:$DE$121,77),'Member Evaluation'!$DE$5:$DE$121,0)),"")
A79: 78 | B79: =IFERROR(INDEX('Member Evaluation'!$A$5:$A$121,MATCH(LARGE('Member Evaluation'!$DE$5:$DE$121,78),'Member Evaluation'!$DE$5:$DE$121,0)),"") | C79: =IF(B79="","","OR") | D79: =IFERROR(INDEX('Member Evaluation'!$CZ$5:$CZ$121, MATCH(LARGE('Member Evaluation'!$DE$5:$DE$121, ROW(A78)), 'Member Evaluation'!$DE$5:$DE$121, 0)), "") | E79: =IFERROR(INDEX('Member Evaluation'!$DB$5:$DB$121,MATCH(LARGE('Member Evaluation'!$DE$5:$DE$121,78),'Member Evaluation'!$DE$5:$DE$121,0)),"")
A80: 79 | B80: =IFERROR(INDEX('Member Evaluation'!$A$5:$A$121,MATCH(LARGE('Member Evaluation'!$DE$5:$DE$121,79),'Member Evaluation'!$DE$5:$DE$121,0)),"") | C80: =IF(B80="","","OR") | D80: =IFERROR(INDEX('Member Evaluation'!$CZ$5:$CZ$121, MATCH(LARGE('Member Evaluation'!$DE$5:$DE$121, ROW(A79)), 'Member Evaluation'!$DE$5:$DE$121, 0)), "") | E80: =IFERROR(INDEX('Member Evaluation'!$DB$5:$DB$121,MATCH(LARGE('Member Evaluation'!$DE$5:$DE$121,79),'Member Evaluation'!$DE$5:$DE$121,0)),"")
A81: 80 | B81: =IFERROR(INDEX('Member Evaluation'!$A$5:$A$121,MATCH(LARGE('Member Evaluation'!$DE$5:$DE$121,80),'Member Evaluation'!$DE$5:$DE$121,0)),"") | C81: =IF(B81="","","OR") | D81: =IFERROR(INDEX('Member Evaluation'!$CZ$5:$CZ$121, MATCH(LARGE('Member Evaluation'!$DE$5:$DE$121, ROW(A80)), 'Member Evaluation'!$DE$5:$DE$121, 0)), "") | E81: =IFERROR(INDEX('Member Evaluation'!$DB$5:$DB$121,MATCH(LARGE('Member Evaluation'!$DE$5:$DE$121,80),'Member Evaluation'!$DE$5:$DE$121,0)),"")
A82: 81 | B82: =IFERROR(INDEX('Member Evaluation'!$A$5:$A$121,MATCH(LARGE('Member Evaluation'!$DE$5:$DE$121,81),'Member Evaluation'!$DE$5:$DE$121,0)),"") | C82: =IF(B82="","","OR") | D82: =IFERROR(INDEX('Member Evaluation'!$CZ$5:$CZ$121, MATCH(LARGE('Member Evaluation'!$DE$5:$DE$121, ROW(A81)), 'Member Evaluation'!$DE$5:$DE$121, 0)), "") | E82: =IFERROR(INDEX('Member Evaluation'!$DB$5:$DB$121,MATCH(LARGE('Member Evaluation'!$DE$5:$DE$121,81),'Member Evaluation'!$DE$5:$DE$121,0)),"")
A83: 82 | B83: =IFERROR(INDEX('Member Evaluation'!$A$5:$A$121,MATCH(LARGE('Member Evaluation'!$DE$5:$DE$121,82),'Member Evaluation'!$DE$5:$DE$121,0)),"") | C83: =IF(B83="","","OR") | D83: =IFERROR(INDEX('Member Evaluation'!$CZ$5:$CZ$121, MATCH(LARGE('Member Evaluation'!$DE$5:$DE$121, ROW(A82)), 'Member Evaluation'!$DE$5:$DE$121, 0)), "") | E83: =IFERROR(INDEX('Member Evaluation'!$DB$5:$DB$121,MATCH(LARGE('Member Evaluation'!$DE$5:$DE$121,82),'Member Evaluation'!$DE$5:$DE$121,0)),"")
A84: 83 | B84: =IFERROR(INDEX('Member Evaluation'!$A$5:$A$121,MATCH(LARGE('Member Evaluation'!$DE$5:$DE$121,83),'Member Evaluation'!$DE$5:$DE$121,0)),"") | C84: =IF(B84="","","OR") | D84: =IFERROR(INDEX('Member Evaluation'!$CZ$5:$CZ$121, MATCH(LARGE('Member Evaluation'!$DE$5:$DE$121, ROW(A83)), 'Member Evaluation'!$DE$5:$DE$121, 0)), "") | E84: =IFERROR(INDEX('Member Evaluation'!$DB$5:$DB$121,MATCH(LARGE('Member Evaluation'!$DE$5:$DE$121,83),'Member Evaluation'!$DE$5:$DE$121,0)),"")
A85: 84 | B85: =IFERROR(INDEX('Member Evaluation'!$A$5:$A$121,MATCH(LARGE('Member Evaluation'!$DE$5:$DE$121,84),'Member Evaluation'!$DE$5:$DE$121,0)),"") | C85: =IF(B85="","","OR") | D85: =IFERROR(INDEX('Member Evaluation'!$CZ$5:$CZ$121, MATCH(LARGE('Member Evaluation'!$DE$5:$DE$121, ROW(A84)), 'Member Evaluation'!$DE$5:$DE$121, 0)), "") | E85: =IFERROR(INDEX('Member Evaluation'!$DB$5:$DB$121,MATCH(LARGE('Member Evaluation'!$DE$5:$DE$121,84),'Member Evaluation'!$DE$5:$DE$121,0)),"")
A86: 85 | B86: =IFERROR(INDEX('Member Evaluation'!$A$5:$A$121,MATCH(LARGE('Member Evaluation'!$DE$5:$DE$121,85),'Member Evaluation'!$DE$5:$DE$121,0)),"") | C86: =IF(B86="","","OR") | D86: =IFERROR(INDEX('Member Evaluation'!$CZ$5:$CZ$121, MATCH(LARGE('Member Evaluation'!$DE$5:$DE$121, ROW(A85)), 'Member Evaluation'!$DE$5:$DE$121, 0)), "") | E86: =IFERROR(INDEX('Member Evaluation'!$DB$5:$DB$121,MATCH(LARGE('Member Evaluation'!$DE$5:$DE$121,85),'Member Evaluation'!$DE$5:$DE$121,0)),"")
A87: 86 | B87: =IFERROR(INDEX('Member Evaluation'!$A$5:$A$121,MATCH(LARGE('Member Evaluation'!$DE$5:$DE$121,86),'Member Evaluation'!$DE$5:$DE$121,0)),"") | C87: =IF(B87="","","OR") | D87: =IFERROR(INDEX('Member Evaluation'!$CZ$5:$CZ$121, MATCH(LARGE('Member Evaluation'!$DE$5:$DE$121, ROW(A86)), 'Member Evaluation'!$DE$5:$DE$121, 0)), "") | E87: =IFERROR(INDEX('Member Evaluation'!$DB$5:$DB$121,MATCH(LARGE('Member Evaluation'!$DE$5:$DE$121,86),'Member Evaluation'!$DE$5:$DE$121,0)),"")
A88: 87 | B88: =IFERROR(INDEX('Member Evaluation'!$A$5:$A$121,MATCH(LARGE('Member Evaluation'!$DE$5:$DE$121,87),'Member Evaluation'!$DE$5:$DE$121,0)),"") | C88: =IF(B88="","","OR") | D88: =IFERROR(INDEX('Member Evaluation'!$CZ$5:$CZ$121, MATCH(LARGE('Member Evaluation'!$DE$5:$DE$121, ROW(A87)), 'Member Evaluation'!$DE$5:$DE$121, 0)), "") | E88: =IFERROR(INDEX('Member Evaluation'!$DB$5:$DB$121,MATCH(LARGE('Member Evaluation'!$DE$5:$DE$121,87),'Member Evaluation'!$DE$5:$DE$121,0)),"")
A89: 88 | B89: =IFERROR(INDEX('Member Evaluation'!$A$5:$A$121,MATCH(LARGE('Member Evaluation'!$DE$5:$DE$121,88),'Member Evaluation'!$DE$5:$DE$121,0)),"") | C89: =IF(B89="","","OR") | D89: =IFERROR(INDEX('Member Evaluation'!$CZ$5:$CZ$121, MATCH(LARGE('Member Evaluation'!$DE$5:$DE$121, ROW(A88)), 'Member Evaluation'!$DE$5:$DE$121, 0)), "") | E89: =IFERROR(INDEX('Member Evaluation'!$DB$5:$DB$121,MATCH(LARGE('Member Evaluation'!$DE$5:$DE$121,88),'Member Evaluation'!$DE$5:$DE$121,0)),"")
A90: 89 | B90: =IFERROR(INDEX('Member Evaluation'!$A$5:$A$121,MATCH(LARGE('Member Evaluation'!$DE$5:$DE$121,89),'Member Evaluation'!$DE$5:$DE$121,0)),"") | C90: =IF(B90="","","OR") | D90: =IFERROR(INDEX('Member Evaluation'!$CZ$5:$CZ$121, MATCH(LARGE('Member Evaluation'!$DE$5:$DE$121, ROW(A89)), 'Member Evaluation'!$DE$5:$DE$121, 0)), "") | E90: =IFERROR(INDEX('Member Evaluation'!$DB$5:$DB$121,MATCH(LARGE('Member Evaluation'!$DE$5:$DE$121,89),'Member Evaluation'!$DE$5:$DE$121,0)),"")
A91: 90 | B91: =IFERROR(INDEX('Member Evaluation'!$A$5:$A$121,MATCH(LARGE('Member Evaluation'!$DE$5:$DE$121,90),'Member Evaluation'!$DE$5:$DE$121,0)),"") | C91: =IF(B91="","","OR") | D91: =IFERROR(INDEX('Member Evaluation'!$CZ$5:$CZ$121, MATCH(LARGE('Member Evaluation'!$DE$5:$DE$121, ROW(A90)), 'Member Evaluation'!$DE$5:$DE$121, 0)), "") | E91: =IFERROR(INDEX('Member Evaluation'!$DB$5:$DB$121,MATCH(LARGE('Member Evaluation'!$DE$5:$DE$121,90),'Member Evaluation'!$DE$5:$DE$121,0)),"")
A92: 91 | B92: =IFERROR(INDEX('Member Evaluation'!$A$5:$A$121,MATCH(LARGE('Member Evaluation'!$DE$5:$DE$121,91),'Member Evaluation'!$DE$5:$DE$121,0)),"") | C92: =IF(B92="","","OR") | D92: =IFERROR(INDEX('Member Evaluation'!$CZ$5:$CZ$121, MATCH(LARGE('Member Evaluation'!$DE$5:$DE$121, ROW(A91)), 'Member Evaluation'!$DE$5:$DE$121, 0)), "") | E92: =IFERROR(INDEX('Member Evaluation'!$DB$5:$DB$121,MATCH(LARGE('Member Evaluation'!$DE$5:$DE$121,91),'Member Evaluation'!$DE$5:$DE$121,0)),"")
A93: 92 | B93: =IFERROR(INDEX('Member Evaluation'!$A$5:$A$121,MATCH(LARGE('Member Evaluation'!$DE$5:$DE$121,92),'Member Evaluation'!$DE$5:$DE$121,0)),"") | C93: =IF(B93="","","OR") | D93: =IFERROR(INDEX('Member Evaluation'!$CZ$5:$CZ$121, MATCH(LARGE('Member Evaluation'!$DE$5:$DE$121, ROW(A92)), 'Member Evaluation'!$DE$5:$DE$121, 0)), "") | E93: =IFERROR(INDEX('Member Evaluation'!$DB$5:$DB$121,MATCH(LARGE('Member Evaluation'!$DE$5:$DE$121,92),'Member Evaluation'!$DE$5:$DE$121,0)),"")
A94: 93 | B94: =IFERROR(INDEX('Member Evaluation'!$A$5:$A$121,MATCH(LARGE('Member Evaluation'!$DE$5:$DE$121,93),'Member Evaluation'!$DE$5:$DE$121,0)),"") | C94: =IF(B94="","","OR") | D94: =IFERROR(INDEX('Member Evaluation'!$CZ$5:$CZ$121, MATCH(LARGE('Member Evaluation'!$DE$5:$DE$121, ROW(A93)), 'Member Evaluation'!$DE$5:$DE$121, 0)), "") | E94: =IFERROR(INDEX('Member Evaluation'!$DB$5:$DB$121,MATCH(LARGE('Member Evaluation'!$DE$5:$DE$121,93),'Member Evaluation'!$DE$5:$DE$121,0)),"")
A95: 94 | B95: =IFERROR(INDEX('Member Evaluation'!$A$5:$A$121,MATCH(LARGE('Member Evaluation'!$DE$5:$DE$121,94),'Member Evaluation'!$DE$5:$DE$121,0)),"") | C95: =IF(B95="","","OR") | D95: =IFERROR(INDEX('Member Evaluation'!$CZ$5:$CZ$121, MATCH(LARGE('Member Evaluation'!$DE$5:$DE$121, ROW(A94)), 'Member Evaluation'!$DE$5:$DE$121, 0)), "") | E95: =IFERROR(INDEX('Member Evaluation'!$DB$5:$DB$121,MATCH(LARGE('Member Evaluation'!$DE$5:$DE$121,94),'Member Evaluation'!$DE$5:$DE$121,0)),"")
A96: 95 | B96: =IFERROR(INDEX('Member Evaluation'!$A$5:$A$121,MATCH(LARGE('Member Evaluation'!$DE$5:$DE$121,95),'Member Evaluation'!$DE$5:$DE$121,0)),"") | C96: =IF(B96="","","OR") | D96: =IFERROR(INDEX('Member Evaluation'!$CZ$5:$CZ$121, MATCH(LARGE('Member Evaluation'!$DE$5:$DE$121, ROW(A95)), 'Member Evaluation'!$DE$5:$DE$121, 0)), "") | E96: =IFERROR(INDEX('Member Evaluation'!$DB$5:$DB$121,MATCH(LARGE('Member Evaluation'!$DE$5:$DE$121,95),'Member Evaluation'!$DE$5:$DE$121,0)),"")
A97: 96 | B97: =IFERROR(INDEX('Member Evaluation'!$A$5:$A$121,MATCH(LARGE('Member Evaluation'!$DE$5:$DE$121,96),'Member Evaluation'!$DE$5:$DE$121,0)),"") | C97: =IF(B97="","","OR") | D97: =IFERROR(INDEX('Member Evaluation'!$CZ$5:$CZ$121, MATCH(LARGE('Member Evaluation'!$DE$5:$DE$121, ROW(A96)), 'Member Evaluation'!$DE$5:$DE$121, 0)), "") | E97: =IFERROR(INDEX('Member Evaluation'!$DB$5:$DB$121,MATCH(LARGE('Member Evaluation'!$DE$5:$DE$121,96),'Member Evaluation'!$DE$5:$DE$121,0)),"")
A98: 97 | B98: =IFERROR(INDEX('Member Evaluation'!$A$5:$A$121,MATCH(LARGE('Member Evaluation'!$DE$5:$DE$121,97),'Member Evaluation'!$DE$5:$DE$121,0)),"") | C98: =IF(B98="","","OR") | D98: =IFERROR(INDEX('Member Evaluation'!$CZ$5:$CZ$121, MATCH(LARGE('Member Evaluation'!$DE$5:$DE$121, ROW(A97)), 'Member Evaluation'!$DE$5:$DE$121, 0)), "") | E98: =IFERROR(INDEX('Member Evaluation'!$DB$5:$DB$121,MATCH(LARGE('Member Evaluation'!$DE$5:$DE$121,97),'Member Evaluation'!$DE$5:$DE$121,0)),"")
A99: 98 | B99: =IFERROR(INDEX('Member Evaluation'!$A$5:$A$121,MATCH(LARGE('Member Evaluation'!$DE$5:$DE$121,98),'Member Evaluation'!$DE$5:$DE$121,0)),"") | C99: =IF(B99="","","OR") | D99: =IFERROR(INDEX('Member Evaluation'!$CZ$5:$CZ$121, MATCH(LARGE('Member Evaluation'!$DE$5:$DE$121, ROW(A98)), 'Member Evaluation'!$DE$5:$DE$121, 0)), "") | E99: =IFERROR(INDEX('Member Evaluation'!$DB$5:$DB$121,MATCH(LARGE('Member Evaluation'!$DE$5:$DE$121,98),'Member Evaluation'!$DE$5:$DE$121,0)),"")
A100: 99 | B100: =IFERROR(INDEX('Member Evaluation'!$A$5:$A$121,MATCH(LARGE('Member Evaluation'!$DE$5:$DE$121,99),'Member Evaluation'!$DE$5:$DE$121,0)),"") | C100: =IF(B100="","","OR") | D100: =IFERROR(INDEX('Member Evaluation'!$CZ$5:$CZ$121, MATCH(LARGE('Member Evaluation'!$DE$5:$DE$121, ROW(A99)), 'Member Evaluation'!$DE$5:$DE$121, 0)), "") | E100: =IFERROR(INDEX('Member Evaluation'!$DB$5:$DB$121,MATCH(LARGE('Member Evaluation'!$DE$5:$DE$121,99),'Member Evaluation'!$DE$5:$DE$121,0)),"")
...

Sheet Lists
G1: 1
G2: 0
